{
	"providers": [
		{"type": "bitmap","file": "your_namespace:font/category/material.png","ascent": 0,"height": 130,"chars": ["\u1023"]},
		{"type": "bitmap","file": "your_namespace:font/high_res/steel_block.png","ascent": 7,"height": 16,"chars": ["\u8021"]},
		{"type": "bitmap","file": "your_namespace:font/high_res/steel_ore.png","ascent": 7,"height": 16,"chars": ["\u8023"]},
		{"type": "bitmap","file": "your_namespace:font/high_res/deepslate_steel_ore.png","ascent": 7,"height": 16,"chars": ["\u8025"]},
		{"type": "bitmap","file": "your_namespace:font/high_res/raw_steel_block.png","ascent": 7,"height": 16,"chars": ["\u8027"]},
		{"type": "bitmap","file": "your_namespace:font/high_res/steel_ingot.png","ascent": 7,"height": 16,"chars": ["\u8029"]},
		{"type": "bitmap","file": "your_namespace:font/high_res/steel_nugget.png","ascent": 7,"height": 16,"chars": ["\u802b"]},
		{"type": "bitmap","file": "your_namespace:font/high_res/raw_steel.png","ascent": 7,"height": 16,"chars": ["\u802d"]},
		{"type": "bitmap","file": "your_namespace:font/high_res/steel_dust.png","ascent": 7,"height": 16,"chars": ["\u802f"]},
		{"type": "bitmap","file": "your_namespace:font/high_res/steel_stick.png","ascent": 7,"height": 16,"chars": ["\u8031"]},
		{"type": "bitmap","file": "your_namespace:font/high_res/stone_stick.png","ascent": 7,"height": 16,"chars": ["\u8033"]},
		{"type": "bitmap","file": "your_namespace:font/high_res/stone_rod.png","ascent": 7,"height": 16,"chars": ["\u8035"]},
		{"type": "bitmap","file": "your_namespace:font/category/equipment.png","ascent": 0,"height": 130,"chars": ["\u1024"]},
		{"type": "bitmap","file": "your_namespace:font/high_res/steel_helmet.png","ascent": 7,"height": 16,"chars": ["\u8037"]},
		{"type": "bitmap","file": "your_namespace:font/high_res/steel_chestplate.png","ascent": 7,"height": 16,"chars": ["\u8039"]},
		{"type": "bitmap","file": "your_namespace:font/high_res/steel_leggings.png","ascent": 7,"height": 16,"chars": ["\u803b"]},
		{"type": "bitmap","file": "your_namespace:font/high_res/steel_boots.png","ascent": 7,"height": 16,"chars": ["\u803d"]},
		{"type": "bitmap","file": "your_namespace:font/high_res/steel_sword.png","ascent": 7,"height": 16,"chars": ["\u803f"]},
		{"type": "bitmap","file": "your_namespace:font/high_res/steel_pickaxe.png","ascent": 7,"height": 16,"chars": ["\u8041"]},
		{"type": "bitmap","file": "your_namespace:font/high_res/steel_axe.png","ascent": 7,"height": 16,"chars": ["\u8043"]},
		{"type": "bitmap","file": "your_namespace:font/high_res/steel_shovel.png","ascent": 7,"height": 16,"chars": ["\u8045"]},
		{"type": "bitmap","file": "your_namespace:font/high_res/steel_hoe.png","ascent": 7,"height": 16,"chars": ["\u8047"]},
		{"type": "bitmap","file": "your_namespace:font/category/misc.png","ascent": 0,"height": 130,"chars": ["\u1025"]},
		{"type": "bitmap","file": "your_namespace:font/high_res/shazinho.png","ascent": 7,"height": 16,"chars": ["\u8049"]},
		{"type": "bitmap","file": "your_namespace:font/high_res/super_stone.png","ascent": 7,"height": 16,"chars": ["\u804b"]},
		{"type": "bitmap","file": "your_namespace:font/high_res/manual.png","ascent": 7,"height": 16,"chars": ["\u804d"]},
		{"type": "bitmap","file": "your_namespace:font/high_res/steel_ingot_9.png","ascent": 7,"height": 16,"chars": ["\u8053"]},
		{"type": "bitmap","file": "your_namespace:font/wiki_icons/your_namespace_steel_ingot.png","ascent": 8,"height": 16,"chars": ["\u8055"]},
		{"type": "bitmap","file": "your_namespace:font/page/steel_ore.png","ascent": 0,"height": 40,"chars": ["\u1027"]},
		{"type": "bitmap","file": "your_namespace:font/wiki_icons/your_namespace_steel_ingot.png","ascent": 8,"height": 16,"chars": ["\u8059"]},
		{"type": "bitmap","file": "your_namespace:font/high_res/steel_dust_2.png","ascent": 7,"height": 16,"chars": ["\u805a"]},
		{"type": "bitmap","file": "your_namespace:font/wiki_icons/your_namespace_steel_dust.png","ascent": 8,"height": 16,"chars": ["\u805c"]},
		{"type": "bitmap","file": "your_namespace:font/page/deepslate_steel_ore.png","ascent": 0,"height": 40,"chars": ["\u1028"]},
		{"type": "bitmap","file": "your_namespace:font/wiki_icons/your_namespace_steel_ingot.png","ascent": 8,"height": 16,"chars": ["\u8060"]},
		{"type": "bitmap","file": "your_namespace:font/wiki_icons/your_namespace_steel_dust.png","ascent": 8,"height": 16,"chars": ["\u8063"]},
		{"type": "bitmap","file": "your_namespace:font/wiki_icons/your_namespace_steel_block.png","ascent": 8,"height": 16,"chars": ["\u8078"]},
		{"type": "bitmap","file": "your_namespace:font/wiki_icons/your_namespace_steel_helmet.png","ascent": 8,"height": 16,"chars": ["\u807b"]},
		{"type": "bitmap","file": "your_namespace:font/wiki_icons/your_namespace_steel_chestplate.png","ascent": 8,"height": 16,"chars": ["\u807e"]},
		{"type": "bitmap","file": "your_namespace:font/wiki_icons/your_namespace_steel_leggings.png","ascent": 8,"height": 16,"chars": ["\u8081"]},
		{"type": "bitmap","file": "your_namespace:font/wiki_icons/your_namespace_steel_boots.png","ascent": 8,"height": 16,"chars": ["\u8084"]},
		{"type": "bitmap","file": "your_namespace:font/high_res/stick.png","ascent": 7,"height": 16,"chars": ["\u8087"]},
		{"type": "bitmap","file": "your_namespace:font/wiki_icons/your_namespace_steel_sword.png","ascent": 8,"height": 16,"chars": ["\u8088"]},
		{"type": "bitmap","file": "your_namespace:font/wiki_icons/your_namespace_steel_pickaxe.png","ascent": 8,"height": 16,"chars": ["\u808c"]},
		{"type": "bitmap","file": "your_namespace:font/wiki_icons/your_namespace_steel_axe.png","ascent": 8,"height": 16,"chars": ["\u8090"]},
		{"type": "bitmap","file": "your_namespace:font/wiki_icons/your_namespace_steel_shovel.png","ascent": 8,"height": 16,"chars": ["\u8094"]},
		{"type": "bitmap","file": "your_namespace:font/wiki_icons/your_namespace_steel_hoe.png","ascent": 8,"height": 16,"chars": ["\u8098"]},
		{"type": "bitmap","file": "your_namespace:font/high_res/steel_nugget_9.png","ascent": 7,"height": 16,"chars": ["\u8099"]},
		{"type": "bitmap","file": "your_namespace:font/wiki_icons/your_namespace_steel_nugget.png","ascent": 8,"height": 16,"chars": ["\u809b"]},
		{"type": "bitmap","file": "your_namespace:font/wiki_icons/your_namespace_steel_dust.png","ascent": 8,"height": 16,"chars": ["\u809e"]},
		{"type": "bitmap","file": "your_namespace:font/high_res/steel_stick_4.png","ascent": 7,"height": 16,"chars": ["\u809f"]},
		{"type": "bitmap","file": "your_namespace:font/wiki_icons/your_namespace_steel_stick.png","ascent": 8,"height": 16,"chars": ["\u80a1"]},
		{"type": "bitmap","file": "your_namespace:font/high_res/book.png","ascent": 7,"height": 16,"chars": ["\u80a3"]},
		{"type": "bitmap","file": "your_namespace:font/wiki_icons/your_namespace_manual.png","ascent": 8,"height": 16,"chars": ["\u80a5"]},
		{"type": "bitmap","file": "your_namespace:font/wiki_icons/your_namespace_steel_ingot.png","ascent": 8,"height": 16,"chars": ["\u80be"]},
		{"type": "bitmap","file": "your_namespace:font/page/raw_steel.png","ascent": 0,"height": 40,"chars": ["\u102c"]},
		{"type": "bitmap","file": "your_namespace:font/wiki_icons/your_namespace_raw_steel_block.png","ascent": 8,"height": 16,"chars": ["\u80c2"]},
		{"type": "bitmap","file": "your_namespace:font/wiki_icons/your_namespace_steel_ingot.png","ascent": 8,"height": 16,"chars": ["\u80c5"]},
		{"type": "bitmap","file": "your_namespace:font/wiki_icons/your_namespace_steel_dust.png","ascent": 8,"height": 16,"chars": ["\u80c8"]},
		{"type": "bitmap","file": "your_namespace:font/wiki_icons/your_namespace_steel_ingot.png","ascent": 8,"height": 16,"chars": ["\u80d5"]},
		{"type": "bitmap","file": "your_namespace:font/wiki_icons/your_namespace_steel_ingot.png","ascent": 8,"height": 16,"chars": ["\u80d8"]},
		{"type": "bitmap","file": "your_namespace:font/high_res/stone_stick_4.png","ascent": 7,"height": 16,"chars": ["\u80dd"]},
		{"type": "bitmap","file": "your_namespace:font/high_res/stone.png","ascent": 7,"height": 16,"chars": ["\u80de"]},
		{"type": "bitmap","file": "your_namespace:font/wiki_icons/your_namespace_steel_nugget.png","ascent": 8,"height": 16,"chars": ["\u80eb"]},
		{"type": "bitmap","file": "your_namespace:font/wiki_icons/your_namespace_steel_nugget.png","ascent": 8,"height": 16,"chars": ["\u80f2"]},
		{"type": "bitmap","file": "your_namespace:font/wiki_icons/your_namespace_steel_nugget.png","ascent": 8,"height": 16,"chars": ["\u80f9"]},
		{"type": "bitmap","file": "your_namespace:font/wiki_icons/your_namespace_steel_nugget.png","ascent": 8,"height": 16,"chars": ["\u8100"]},
		{"type": "bitmap","file": "your_namespace:font/wiki_icons/your_namespace_steel_nugget.png","ascent": 8,"height": 16,"chars": ["\u8109"]},
		{"type": "bitmap","file": "your_namespace:font/wiki_icons/your_namespace_steel_nugget.png","ascent": 8,"height": 16,"chars": ["\u8112"]},
		{"type": "bitmap","file": "your_namespace:font/wiki_icons/your_namespace_steel_nugget.png","ascent": 8,"height": 16,"chars": ["\u811b"]},
		{"type": "bitmap","file": "your_namespace:font/wiki_icons/your_namespace_steel_nugget.png","ascent": 8,"height": 16,"chars": ["\u8124"]},
		{"type": "bitmap","file": "your_namespace:font/wiki_icons/your_namespace_steel_nugget.png","ascent": 8,"height": 16,"chars": ["\u812d"]},
		{"type": "bitmap","file": "your_namespace:font/page/shazinho.png","ascent": 0,"height": 40,"chars": ["\u103a"]},
		{"type": "bitmap","file": "your_namespace:font/high_res/deepslate.png","ascent": 7,"height": 16,"chars": ["\u8134"]},
		{"type": "bitmap","file": "your_namespace:font/high_res/heavy_workbench.png","ascent": 7,"height": 16,"chars": ["\u813d"]},
		{"type": "bitmap","file": "your_namespace:font/high_res/oak_log.png","ascent": 7,"height": 16,"chars": ["\u813e"]},
		{"type": "bitmap","file": "your_namespace:font/high_res/crafting_table.png","ascent": 7,"height": 16,"chars": ["\u813f"]},
		{"type": "bitmap","file": "your_namespace:font/high_res/smooth_stone.png","ascent": 7,"height": 16,"chars": ["\u8140"]},
		{"type": "bitmap","file": "your_namespace:font/category/categories_page.png","ascent": 0,"height": 130,"chars": ["\u1021"]},
		{"type": "bitmap","file": "your_namespace:font/page/_logo.png","ascent": 0,"height": 40,"chars": ["\u1020"]},
		{"type": "bitmap","file": "your_namespace:font/none.png","ascent": 8,"height": 20,"chars": ["\u0020"]},
		{"type": "bitmap","file": "your_namespace:font/none.png","ascent": 8,"height": 18,"chars": ["\u0021"]},
		{"type": "bitmap","file": "your_namespace:font/none.png","ascent": 7,"height": 7,"chars": ["\u0022"]},
		{"type": "bitmap","file": "your_namespace:font/none.png","ascent": 0,"height": 2,"chars": ["\u0023"]},
		{"type": "bitmap","file": "your_namespace:font/none.png","ascent": 0,"height": 1,"chars": ["\u0024"]},
		{"type": "bitmap","file": "your_namespace:font/none.png","ascent": 7,"height": 16,"chars": ["\u0025"]},
		{"type": "bitmap","file": "your_namespace:font/invisible_item.png","ascent": 7,"height": 16,"chars": ["\u0031"]},
		{"type": "bitmap","file": "your_namespace:font/wiki_information.png","ascent": 8,"height": 16,"chars": ["\u0026"]},
		{"type": "bitmap","file": "your_namespace:font/wiki_result_of_craft.png","ascent": 8,"height": 16,"chars": ["\u0027"]},
		{"type": "bitmap","file": "your_namespace:font/wiki_ingredient_of_craft.png","ascent": 8,"height": 16,"chars": ["\u0028"]},
		{"type": "bitmap","file": "your_namespace:font/shaped_3x3.png","ascent": 1,"height": 58,"chars": ["\u002a"]},
		{"type": "bitmap","file": "your_namespace:font/shaped_2x2.png","ascent": 1,"height": 58,"chars": ["\u0029"]},
		{"type": "bitmap","file": "your_namespace:font/furnace.png","ascent": 1,"height": 58,"chars": ["\u002b"]},
		{"type": "bitmap","file": "your_namespace:font/pulverizing.png","ascent": 4,"height": 58,"chars": ["\u002c"]},
		{"type": "bitmap","file": "your_namespace:font/shaped_3x3.png","ascent": -4,"height": 58,"chars": ["\u002e"]},
		{"type": "bitmap","file": "your_namespace:font/shaped_2x2.png","ascent": -2,"height": 58,"chars": ["\u002d"]},
		{"type": "bitmap","file": "your_namespace:font/furnace.png","ascent": -3,"height": 58,"chars": ["\u002f"]},
		{"type": "bitmap","file": "your_namespace:font/pulverizing.png","ascent": -3,"height": 58,"chars": ["\u0030"]}
	]
}
