{
  "display": {
    "icon": {
      "id": "minecraft:netherite_axe"
    },
    "title": {
      "translate": "advancement.enchantplus.title.axe",
      "fallback": "Neo Axe",
      "color": "#FFE2A8"
    },
    "description": {
      "translate": "advancement.enchantplus.description.axe",
      "fallback": "Get every custom enchantment book for the axe",
      "color": "green"
    },
    "frame": "goal",
    "show_toast": true,
    "announce_to_chat": false,
    "hidden": false
  },
  "parent": "enchantplus:tools/start",
  "criteria": {
    "got_timber": {
      "trigger": "minecraft:inventory_changed",
      "conditions": {
        "items": [
          {
            "predicates": {
              "minecraft:enchantments": [
                {
                  "enchantments": "enchantplus:axe/timber"
                }
              ]
            }
          }
        ]
      }
    }
  },
  "requirements": [
    [
      "got_timber"
    ]
  ]
}
