{
  "pools": [
    {
      "rolls": 1,
      "entries": [
        {
          "type": "minecraft:item",
          "name": "minecraft:leather_helmet",
          "functions": [
            {
              "function": "minecraft:set_components",
              "components": {
                "minecraft:lore": [
                  "{'text':'A hat that makes you fly','color':'gray','italic':false}",
                  "[\"\", {\"text\": \"I\", \"color\": \"white\", \"italic\": false, \"font\": \"iyc:icons\"}, {\"text\": \" ImagineYourCraft\", \"italic\": true, \"color\": \"blue\"}]"
                ],
                "minecraft:attribute_modifiers": [
                  {
                    "type": "gravity",
                    "amount": -0.09,
                    "operation": "add_value",
                    "slot": "head",
                    "id": "iyc:gravity.head"
                  }
                ],
                "minecraft:item_model": "iyc:helice_hat",
                "minecraft:item_name": "{\"text\": \"Helice Hat\", \"italic\": false, \"color\": \"white\"}",
                "minecraft:custom_data": {
                  "iyc": {
                    "helice_hat": true
                  },
                  "smithed": {
                    "ignore": {
                      "functionality": true,
                      "crafting": true
                    }
                  }
                }
              }
            }
          ]
        }
      ]
    }
  ]
}
