{
  "pools": [
    {
      "rolls": 1,
      "entries": [
        {
          "type": "minecraft:item",
          "name": "minecraft:item_frame",
          "functions": [
            {
              "function": "minecraft:set_components",
              "components": {
                "minecraft:item_model": "iyc:iron_ladder",
                "minecraft:item_name": "{\"text\": \"Iron Ladder\", \"italic\": false, \"color\": \"white\"}",
                "minecraft:lore": [
                  "{\"text\": \"ImagineYourCraft\", \"italic\": true, \"color\": \"blue\"}"
                ],
                "minecraft:custom_data": {
                  "iyc": {
                    "iron_ladder": true
                  },
                  "smithed": {
                    "ignore": {
                      "functionality": true,
                      "crafting": true
                    }
                  }
                }
              }
            }
          ]
        }
      ]
    }
  ]
}
