{
  "pools": [
    {
      "rolls": 1,
      "entries": [
        {
          "type": "minecraft:item",
          "name": "minecraft:command_block",
          "functions": [
            {
              "function": "minecraft:set_components",
              "components": {
                "minecraft:custom_data": {
                  "smithed": {
                    "dict": {
                      "dust": {
                        "steel": true
                      }
                    },
                    "ignore": {
                      "functionality": true,
                      "crafting": true
                    }
                  },
                  "iyc": {
                    "steel_dust": true
                  }
                },
                "minecraft:item_model": "iyc:steel_dust",
                "minecraft:item_name": "{\"text\": \"Steel Dust\", \"italic\": false, \"color\": \"white\"}",
                "minecraft:lore": [
                  "[\"\", {\"text\": \"I\", \"color\": \"white\", \"italic\": false, \"font\": \"iyc:icons\"}, {\"text\": \" ImagineYourCraft\", \"italic\": true, \"color\": \"blue\"}]"
                ]
              }
            }
          ]
        }
      ]
    }
  ]
}
