{
  "pools": [
    {
      "rolls": 1,
      "entries": [
        {
          "type": "minecraft:loot_table",
          "value": "apocalypse:zombie/zombie_scorched"
        }
      ]
    },
    {
      "rolls": 1,
      "entries": [
        {
          "type": "minecraft:loot_table",
          "value": "pipe_guns:ammo/pipe_pistol_rounds"
        },
        {
          "type": "minecraft:loot_table",
          "value": "pipe_guns:ammo/pipe_assault_rifle_magazine"
        },
        {
          "type": "minecraft:loot_table",
          "value": "pipe_guns:ammo/pipe_bolt_action_rifle_magazine"
        },
        {
          "type": "minecraft:loot_table",
          "value": "pipe_guns:ammo/pipe_shotgun_shell",
          "functions": [
            {
              "function": "minecraft:set_count",
              "count": {
                "min": 2,
                "max": 4
              }
            }
          ]
        }
      ],
      "conditions": [
        {
          "condition": "minecraft:random_chance",
          "chance": 1.0
        }
      ]
    }
  ]
}
