{
	"parent": "item/generated",
	"textures": {
		"0": "tribe_civilization:item/sombrero",
		"particle": "tribe_civilization:item/sombrero"
	},
	"credit": "Made with Blockbench",
	"elements": [
		{
			"from": [
				13,
				1,
				2
			],
			"to": [
				15,
				2,
				14
			],
			"faces": {
				"north": {"uv": [0,4,2,5],"texture": "#0"},
				"east": {"uv": [0,0,12,1],"texture": "#0"},
				"south": {"uv": [0,4,2,5],"texture": "#0"},
				"west": {"uv": [0,2,10,3],"texture": "#0"},
				"up": {"uv": [0.5,4,2.5,16],"texture": "#0"},
				"down": {"uv": [0,4.5,2,15.5],"texture": "#0"}
			}
		},
		{
			"from": [
				1,
				1,
				2
			],
			"to": [
				3,
				2,
				14
			],
			"faces": {
				"north": {"uv": [0,4,2,5],"texture": "#0"},
				"east": {"uv": [0,2,10,3],"texture": "#0"},
				"south": {"uv": [0,4,2,5],"texture": "#0"},
				"west": {"uv": [0,0,12,1],"texture": "#0"},
				"up": {"uv": [2.5,4,0.5,16],"texture": "#0"},
				"down": {"uv": [2,4.5,0,15.5],"texture": "#0"}
			}
		},
		{
			"from": [
				3,
				1,
				13
			],
			"to": [
				13,
				2,
				15
			],
			"faces": {
				"north": {"uv": [0,2,10,3],"texture": "#0"},
				"east": {"uv": [0,4,2,5],"texture": "#0"},
				"south": {"uv": [1,0,11,1],"texture": "#0"},
				"west": {"uv": [0,4,2,5],"texture": "#0"},
				"up": {"uv": [0,3,10,1],"texture": "#0"},
				"down": {"uv": [0.5,1.5,9.5,3.5],"texture": "#0"}
			}
		},
		{
			"from": [
				3,
				1,
				1
			],
			"to": [
				13,
				2,
				3
			],
			"faces": {
				"north": {"uv": [1,0,11,1],"texture": "#0"},
				"east": {"uv": [0,4,2,5],"texture": "#0"},
				"south": {"uv": [0,2,10,3],"texture": "#0"},
				"west": {"uv": [0,4,2,5],"texture": "#0"},
				"up": {"uv": [0,1,10,3],"texture": "#0"},
				"down": {"uv": [0.5,3.5,9.5,1.5],"texture": "#0"}
			}
		},
		{
			"from": [
				12,
				0,
				3
			],
			"to": [
				13,
				1,
				13
			],
			"rotation": {
				"angle": 0,
				"axis": "y",
				"origin": [8,0,8]
			},
			"faces": {
				"north": {"uv": [15,15,16,16],"texture": "#0","tintindex": 0},
				"east": {"uv": [5,15,15,16],"texture": "#0","tintindex": 0},
				"south": {"uv": [21,15,22,16],"texture": "#0","tintindex": 0},
				"west": {"uv": [6,14,16,15],"texture": "#0","tintindex": 0},
				"up": {"uv": [16,14,15,6],"texture": "#0","tintindex": 0},
				"down": {"uv": [6,4,5,14],"texture": "#0","tintindex": 0}
			}
		},
		{
			"from": [
				3,
				0,
				3
			],
			"to": [
				4,
				1,
				13
			],
			"rotation": {
				"angle": 0,
				"axis": "y",
				"origin": [8,0,8]
			},
			"faces": {
				"north": {"uv": [15,15,16,16],"texture": "#0","tintindex": 0},
				"east": {"uv": [6,14,16,15],"texture": "#0","tintindex": 0},
				"south": {"uv": [21,15,22,16],"texture": "#0","tintindex": 0},
				"west": {"uv": [5,15,15,16],"texture": "#0","tintindex": 0},
				"up": {"uv": [15,14,16,6],"texture": "#0","tintindex": 0},
				"down": {"uv": [5,3.5,6,13.5],"texture": "#0","tintindex": 0}
			}
		},
		{
			"from": [
				4,
				0,
				3
			],
			"to": [
				12,
				1,
				4
			],
			"rotation": {
				"angle": 0,
				"axis": "y",
				"origin": [4,0,3]
			},
			"faces": {
				"north": {"uv": [6,15,14,16],"texture": "#0"},
				"east": {"uv": [15,15,16,16],"texture": "#0"},
				"south": {"uv": [7,7,15,8],"texture": "#0"},
				"west": {"uv": [15,15,16,16],"texture": "#0"},
				"up": {"uv": [6,16,14,15],"texture": "#0"},
				"down": {"uv": [7,15,15,14],"texture": "#0"}
			}
		},
		{
			"from": [
				4,
				0,
				12
			],
			"to": [
				12,
				1,
				13
			],
			"rotation": {
				"angle": 0,
				"axis": "y",
				"origin": [4,0,12]
			},
			"faces": {
				"north": {"uv": [7,14,15,15],"texture": "#0"},
				"east": {"uv": [15,15,16,16],"texture": "#0"},
				"south": {"uv": [6,15,14,16],"texture": "#0"},
				"west": {"uv": [15,15,16,16],"texture": "#0"},
				"up": {"uv": [6,15,14,16],"texture": "#0"},
				"down": {"uv": [7,14,15,15],"texture": "#0"}
			}
		},
		{
			"from": [
				4,
				1,
				4
			],
			"to": [
				12,
				3,
				12
			],
			"faces": {
				"north": {"uv": [7,5,15,7],"texture": "#0"},
				"east": {"uv": [7,5,15,7],"texture": "#0"},
				"south": {"uv": [7,5,15,7],"texture": "#0"},
				"west": {"uv": [7,5,15,7],"texture": "#0"},
				"up": {"uv": [7,7,15,15],"texture": "#0"},
				"down": {"uv": [7,7,15,15],"texture": "#0"}
			}
		},
		{
			"from": [
				5,
				3,
				5
			],
			"to": [
				11,
				4,
				11
			],
			"faces": {
				"north": {"uv": [10,4,16,5],"texture": "#0"},
				"east": {"uv": [10,4,16,5],"texture": "#0"},
				"south": {"uv": [10,4,16,5],"texture": "#0"},
				"west": {"uv": [10,4,16,5],"texture": "#0"},
				"up": {"uv": [8,8,14,14],"texture": "#0"},
				"down": {"uv": [8,8,14,14],"texture": "#0"}
			}
		},
		{
			"from": [
				6,
				4,
				6
			],
			"to": [
				10,
				6,
				10
			],
			"faces": {
				"north": {"uv": [3,13,7,15],"texture": "#0"},
				"east": {"uv": [3,13,7,15],"texture": "#0"},
				"south": {"uv": [3,13,7,15],"texture": "#0"},
				"west": {"uv": [3,13,7,15],"texture": "#0"},
				"up": {"uv": [3,9,7,13],"texture": "#0"},
				"down": {"uv": [3,9,7,13],"texture": "#0"}
			}
		},
		{
			"from": [
				7,
				4,
				5
			],
			"to": [
				9,
				6,
				11
			],
			"faces": {
				"north": {"uv": [14,0,16,2],"texture": "#0"},
				"east": {"uv": [10,2,16,4],"texture": "#0"},
				"south": {"uv": [14,0,16,2],"texture": "#0"},
				"west": {"uv": [10,2,16,4],"texture": "#0"},
				"up": {"uv": [5,7,7,13],"texture": "#0"},
				"down": {"uv": [7,14,5,8],"texture": "#0"}
			}
		},
		{
			"from": [
				5,
				4,
				7
			],
			"to": [
				11,
				6,
				9
			],
			"faces": {
				"north": {"uv": [10,2,16,4],"texture": "#0"},
				"east": {"uv": [14,0,16,2],"texture": "#0"},
				"south": {"uv": [10,2,16,4],"texture": "#0"},
				"west": {"uv": [14,0,16,2],"texture": "#0"},
				"up": {"uv": [2.5,7,5,9],"texture": "#0"},
				"down": {"uv": [10,2,16,4],"texture": "#0"}
			}
		},
		{
			"from": [
				7,
				6,
				6
			],
			"to": [
				9,
				7,
				10
			],
			"faces": {
				"north": {"uv": [12,0,14,1],"texture": "#0"},
				"east": {"uv": [10,1,14,2],"texture": "#0"},
				"south": {"uv": [12,0,14,1],"texture": "#0"},
				"west": {"uv": [10,1,14,2],"texture": "#0"},
				"up": {"uv": [5,5,7,9],"texture": "#0"},
				"down": {"uv": [5,5,7,9],"texture": "#0"}
			}
		},
		{
			"from": [
				6,
				6,
				7
			],
			"to": [
				10,
				7,
				9
			],
			"faces": {
				"north": {"uv": [10,1,14,2],"texture": "#0"},
				"east": {"uv": [12,0,14,1],"texture": "#0"},
				"south": {"uv": [10,1,14,2],"texture": "#0"},
				"west": {"uv": [12,0,14,1],"texture": "#0"},
				"up": {"uv": [2.5,7,6.5,9],"texture": "#0"},
				"down": {"uv": [12,2,16,4],"texture": "#0"}
			}
		}
	],
	"display": {
		"thirdperson_righthand": {
			"rotation": [
				-48,
				-12,
				-67
			],
			"translation": [
				7.25,
				4.75,
				-2.5
			],
			"scale": [
				-1,
				1,
				1
			]
		},
		"thirdperson_lefthand": {
			"rotation": [
				-48,
				-12,
				-67
			],
			"translation": [
				7.25,
				4.75,
				-2.5
			]
		},
		"firstperson_righthand": {
			"translation": [
				0,
				2.5,
				0
			]
		},
		"firstperson_lefthand": {
			"translation": [
				0,
				2.5,
				0
			]
		},
		"ground": {
			"translation": [
				0,
				4,
				0
			]
		},
		"gui": {
			"rotation": [
				25,
				15,
				0
			],
			"translation": [
				0,
				4.5,
				0
			],
			"scale": [
				0.9,
				0.9,
				0.9
			]
		},
		"head": {
			"translation": [
				0,
				17.5,
				0
			],
			"scale": [
				2.0,
				2.0,
				2.0
			]
		},
		"fixed": {
			"rotation": [
				-90,
				0,
				0
			],
			"translation": [
				0,
				0,
				-7
			]
		}
	},
	"groups": [
		{
			"name": "group",
			"origin": [
				14,
				1,
				8
			],
			"color": 0,
			"children": [
				0,
				1,
				2,
				3,
				4,
				5,
				6,
				7,
				8,
				9,
				10,
				11,
				12,
				13,
				14
			]
		}
	]
}
