{
  "description": {
    "translate": "enchantment.enchantplus.life_steal",
    "fallback": "Life Steal"
  },
  "exclusive_set": "#enchantplus:exclusive_set/sword_effect",
  "supported_items": "#minecraft:enchantable/weapon",
  "primary_items": "#minecraft:enchantable/sword",
  "weight": 4,
  "max_level": 3,
  "min_cost": {
    "base": 5,
    "per_level_above_first": 15
  },
  "max_cost": {
    "base": 35,
    "per_level_above_first": 12
  },
  "anvil_cost": 2,
  "slots": [
    "mainhand"
  ]
}
