{
    "description": {
        "translate": "enchantment.enchantplus.gungnir_breath",
        "fallback": "Gungnir Breath"
    },
    "supported_items": "#minecraft:enchantable/trident",
    "exclusive_set": "#enchantplus:exclusive_set/trident",
    "weight": 2,
    "max_level": 3,
    "min_cost": {
        "base": 12,
        "per_level_above_first": 8
    },
    "max_cost": {
        "base": 21,
        "per_level_above_first": 8
    },
    "anvil_cost": 6,
    "slots": [
        "mainhand",
        "offhand"
    ]
}