{
  "type": "minecraft:jigsaw",
  "biomes": "#zhopo:has_structure/jungle_mineshaft",
  "step": "underground_structures",
  "spawn_overrides": {},
  "start_pool": "hopo:jungle_mineshaft",
  "size": 2,
  "start_height": {
    "type": "minecraft:uniform",
    "min_inclusive": {
      "absolute": -77
    },
    "max_inclusive": {
      "absolute": -66
    }
  },
  "project_start_to_heightmap": "WORLD_SURFACE_WG",
  "max_distance_from_center": 81,
  "use_expansion_hack": false,
  "liquid_settings": "ignore_waterlogging"
}
