{
  "display": {
    "icon": {
      "id": "minecraft:blue_wool"
    },
    "title": {
      "translate": "advancement.enchantplus.title.armor",
      "fallback": "Armor+"
    },
    "description": {
      "translate": "advancement.enchantplus.description.armor",
      "fallback": "Get every custom enchantment book for the armor",
      "color": "#57BBD9"
    },
    "frame": "task",
    "show_toast": false,
    "announce_to_chat": false,
    "hidden": true
  },
  "parent": "enchantplus:list",
  "criteria": {
    "requirement": {
      "trigger": "minecraft:impossible"
    }
  }
}
