{
    "description": {
        "translate": "enchantment.enchantplus.scyther",
        "fallback": "Scyther"
    },
    "supported_items": "#voxel:enchantable/hoes",
    "weight": 6,
    "max_level": 3,
    "min_cost": {
        "base": 12,
        "per_level_above_first": 9
    },
    "max_cost": {
        "base": 29,
        "per_level_above_first": 5
    },
    "anvil_cost": 2,
    "slots": [
        "mainhand"
    ],
    "requirements": {
        "condition": "minecraft:location_check",
        "predicate": {
            "block": {
                "blocks": "#minecraft:dirt"
            }
        }
    }
}