{
    "anvil_cost": 10,
    "description": {
        "translate": "enchantment.enchantplus.armored",
        "fallback": "Armored"
    },
    "effects": {
        "minecraft:damage_protection": [
            {
                "effect": {
                    "type": "minecraft:add",
                    "value": 8
                },
                "requirements": {
                    "condition": "minecraft:damage_source_properties",
                    "predicate": {
                        "tags": [
                            {
                                "expected": false,
                                "id": "minecraft:bypasses_invulnerability"
                            }
                        ]
                    }
                }
            }
        ]
    },
    "max_cost": {
        "base": 60,
        "per_level_above_first": 11
    },
    "max_level": 4,
    "min_cost": {
        "base": 60,
        "per_level_above_first": 11
    },
    "slots": [
        "chest"
    ],
    "supported_items": "#voxel:enchantable/elytra",
    "weight": 1
}