{
  "type": "minecraft:crafting_shapeless",
  "category": "equipment",
  "ingredients": [
    "minecraft:iron_ingot",
    "minecraft:arrow"
  ],
  "result": {
    "id": "minecraft:arrow",
    "count": 1,
    "components": {
      "minecraft:lore": [
        "{'text':'x1.5 damage arrow','color':'gray','italic':false}",
        "[\"\", {\"text\": \"I\", \"color\": \"white\", \"italic\": false, \"font\": \"iyc:icons\"}, {\"text\": \" ImagineYourCraft\", \"italic\": true, \"color\": \"blue\"}]"
      ],
      "minecraft:item_model": "iyc:bolt",
      "minecraft:item_name": "{\"text\": \"Bolt\", \"italic\": false, \"color\": \"white\"}",
      "minecraft:custom_data": {
        "iyc": {
          "bolt": true
        },
        "smithed": {
          "ignore": {
            "functionality": true,
            "crafting": true
          }
        }
      }
    }
  }
}
