{
  "type": "minecraft:crafting_shaped",
  "category": "equipment",
  "pattern": [
    "X",
    "X",
    "S"
  ],
  "key": {
    "X": "minecraft:emerald",
    "S": "minecraft:stick"
  },
  "result": {
    "id": "minecraft:diamond_sword",
    "count": 1,
    "components": {
      "minecraft:custom_data": {
        "smithed": {
          "dict": {
            "tools": {
              "emerald": true,
              "sword": true
            }
          },
          "ignore": {
            "functionality": true,
            "crafting": true
          }
        },
        "iyc": {
          "emerald_sword": true
        }
      },
      "minecraft:max_damage": 736,
      "minecraft:attribute_modifiers": [
        {
          "type": "attack_damage",
          "amount": 6,
          "operation": "add_value",
          "slot": "mainhand",
          "id": "minecraft:base_attack_damage"
        },
        {
          "type": "attack_speed",
          "amount": -2.4,
          "operation": "add_value",
          "slot": "mainhand",
          "id": "minecraft:base_attack_speed"
        },
        {
          "type": "luck",
          "amount": 0.25,
          "operation": "add_value",
          "slot": "mainhand",
          "id": "iyc:luck.mainhand"
        }
      ],
      "minecraft:item_model": "iyc:emerald_sword",
      "minecraft:item_name": "{\"text\": \"Emerald Sword\", \"italic\": false, \"color\": \"white\"}",
      "minecraft:lore": [
        "{\"text\": \"ImagineYourCraft\", \"italic\": true, \"color\": \"blue\"}"
      ]
    }
  }
}
