{
  "type": "minecraft:crafting_shaped",
  "category": "equipment",
  "pattern": [
    "X X",
    "XXX",
    "XXX"
  ],
  "key": {
    "X": "minecraft:emerald"
  },
  "result": {
    "id": "minecraft:leather_chestplate",
    "count": 1,
    "components": {
      "minecraft:custom_data": {
        "smithed": {
          "dict": {
            "armor": {
              "emerald": true,
              "chestplate": true
            }
          },
          "ignore": {
            "functionality": true,
            "crafting": true
          }
        },
        "iyc": {
          "emerald_chestplate": true
        }
      },
      "minecraft:max_damage": 248,
      "minecraft:equippable": {
        "slot": "chest",
        "asset_id": "iyc:emerald"
      },
      "minecraft:attribute_modifiers": [
        {
          "type": "armor",
          "amount": 8,
          "operation": "add_value",
          "slot": "chest",
          "id": "iyc:armor.chest"
        },
        {
          "type": "armor_toughness",
          "amount": 2,
          "operation": "add_value",
          "slot": "chest",
          "id": "iyc:armor_toughness.chest"
        },
        {
          "type": "luck",
          "amount": 0.25,
          "operation": "add_value",
          "slot": "chest",
          "id": "iyc:luck.chest"
        }
      ],
      "minecraft:item_model": "iyc:emerald_chestplate",
      "minecraft:item_name": "{\"text\": \"Emerald Chestplate\", \"italic\": false, \"color\": \"white\"}",
      "minecraft:lore": [
        "[\"\", {\"text\": \"I\", \"color\": \"white\", \"italic\": false, \"font\": \"iyc:icons\"}, {\"text\": \" ImagineYourCraft\", \"italic\": true, \"color\": \"blue\"}]"
      ]
    }
  }
}
