{
  "type": "minecraft:crafting_shaped",
  "category": "misc",
  "pattern": [
    "X X",
    "XXX",
    "X X"
  ],
  "key": {
    "X": "minecraft:iron_ingot"
  },
  "result": {
    "id": "minecraft:item_frame",
    "count": 4,
    "components": {
      "minecraft:item_model": "iyc:iron_ladder",
      "minecraft:item_name": "{\"text\": \"Iron Ladder\", \"italic\": false, \"color\": \"white\"}",
      "minecraft:lore": [
        "{\"text\": \"ImagineYourCraft\", \"italic\": true, \"color\": \"blue\"}"
      ],
      "minecraft:custom_data": {
        "iyc": {
          "iron_ladder": true
        },
        "smithed": {
          "ignore": {
            "functionality": true,
            "crafting": true
          }
        }
      }
    }
  }
}
