{
  "type": "minecraft:crafting_shaped",
  "category": "misc",
  "pattern": [
    "XXX",
    "XFX",
    "XXX"
  ],
  "key": {
    "X": "minecraft:iron_ingot",
    "F": "minecraft:furnace"
  },
  "result": {
    "id": "minecraft:furnace",
    "count": 1,
    "components": {
      "minecraft:item_model": "iyc:iron_furnace",
      "minecraft:item_name": "{\"text\": \"Iron Furnace\", \"italic\": false, \"color\": \"white\"}",
      "minecraft:lore": [
        "[\"\", {\"text\": \"I\", \"color\": \"white\", \"italic\": false, \"font\": \"iyc:icons\"}, {\"text\": \" ImagineYourCraft\", \"italic\": true, \"color\": \"blue\"}]"
      ],
      "minecraft:custom_data": {
        "iyc": {
          "iron_furnace": true
        },
        "smithed": {
          "ignore": {
            "functionality": true,
            "crafting": true
          }
        }
      },
      "minecraft:container": [
        {
          "slot": 0,
          "item": {
            "id": "minecraft:stone",
            "count": 1,
            "components": {
              "minecraft:custom_data": {
                "smithed": {
                  "block": {
                    "id": "iyc:iron_furnace",
                    "from": "iyc"
                  }
                }
              }
            }
          }
        }
      ]
    }
  }
}
