{
  "type": "minecraft:chest",
  "pools": [
    {
      "rolls": {
        "type": "minecraft:uniform",
        "min": 1.0,
        "max": 1.0
      },
      "bonus_rolls": 0.0,
      "entries": [
        {
          "type": "minecraft:item",
          "functions": [
            {
              "function": "minecraft:exploration_map",
              "decoration": "village_snowy",
              "destination": "nova_structures:stray_outlook",
              "zoom": 4,
              "skip_existing_chunks": false
            },
            {
              "function": "minecraft:set_components",
              "components": {
                "minecraft:map_color": 13293823,
                "minecraft:item_name": "{'translate': 'item.dnt.filled_map.stray_outlook', 'fallback': 'Stray Outlook Map', 'italic': false}"
              }
            }
          ],
          "name": "minecraft:map"
        }
      ]
    }
  ],
  "functions": [
    {
      "function": "minecraft:reference",
      "name": "nova_structures:loot_modifier"
    }
  ]
}