{
  "pools": [
    {
      "rolls": {
        "min": 4,
        "max": 6
      },
      "entries": [
        {
          "type": "minecraft:loot_table",
          "value": "hopo:chests/mineshaft/abandoned_miners_stuff",
          "weight": 15
        },
        {
          "type": "minecraft:item",
          "name": "minecraft:diamond_pickaxe",
          "weight": 7,
          "functions": [
            {
              "function": "minecraft:enchant_randomly",
              "options": "#minecraft:on_random_loot"
            },
            {
              "function": "minecraft:set_damage",
              "damage": {
                "min": 0.05,
                "max": 0.3
              },
              "add": false
            }
          ]
        },
        {
          "type": "minecraft:item",
          "name": "minecraft:diamond_shovel",
          "weight": 7,
          "functions": [
            {
              "function": "minecraft:enchant_randomly",
              "options": "#minecraft:on_random_loot"
            },
            {
              "function": "minecraft:set_damage",
              "damage": {
                "min": 0.05,
                "max": 0.3
              },
              "add": false
            }
          ]
        },
        {
          "type": "minecraft:item",
          "name": "minecraft:diamond_hoe",
          "weight": 7,
          "functions": [
            {
              "function": "minecraft:enchant_randomly",
              "options": "#minecraft:on_random_loot"
            },
            {
              "function": "minecraft:set_damage",
              "damage": {
                "min": 0.05,
                "max": 0.3
              },
              "add": false
            }
          ]
        },
        {
          "type": "minecraft:item",
          "name": "minecraft:diamond_pickaxe",
          "weight": 7,
          "functions": [
            {
              "function": "minecraft:set_damage",
              "damage": {
                "min": 0.05,
                "max": 0.3
              },
              "add": false
            }
          ]
        },
        {
          "type": "minecraft:item",
          "name": "minecraft:diamond_shovel",
          "weight": 7,
          "functions": [
            {
              "function": "minecraft:set_damage",
              "damage": {
                "min": 0.05,
                "max": 0.3
              },
              "add": false
            }
          ]
        },
        {
          "type": "minecraft:item",
          "name": "minecraft:diamond_hoe",
          "weight": 7,
          "functions": [
            {
              "function": "minecraft:set_damage",
              "damage": {
                "min": 0.05,
                "max": 0.3
              },
              "add": false
            }
          ]
        },
        {
          "type": "minecraft:item",
          "name": "minecraft:iron_pickaxe",
          "weight": 10,
          "functions": [
            {
              "function": "minecraft:set_damage",
              "damage": {
                "min": 0.05,
                "max": 0.4
              },
              "add": false
            }
          ]
        },
        {
          "type": "minecraft:item",
          "name": "minecraft:iron_shovel",
          "weight": 10,
          "functions": [
            {
              "function": "minecraft:set_damage",
              "damage": {
                "min": 0.05,
                "max": 0.4
              },
              "add": false
            }
          ]
        },
        {
          "type": "minecraft:item",
          "name": "minecraft:iron_hoe",
          "weight": 10,
          "functions": [
            {
              "function": "minecraft:set_count",
              "count": {
                "min": 0.05,
                "max": 0.4
              },
              "add": false
            }
          ]
        },
        {
          "type": "minecraft:item",
          "name": "minecraft:iron_pickaxe",
          "weight": 6,
          "functions": [
            {
              "function": "minecraft:set_damage",
              "damage": {
                "min": 0.05,
                "max": 0.4
              },
              "add": false
            },
            {
              "function": "minecraft:enchant_randomly",
              "options": "#minecraft:on_random_loot"
            }
          ]
        },
        {
          "type": "minecraft:item",
          "name": "minecraft:iron_shovel",
          "weight": 6,
          "functions": [
            {
              "function": "minecraft:set_damage",
              "damage": {
                "min": 0.05,
                "max": 0.4
              },
              "add": false
            },
            {
              "function": "minecraft:enchant_randomly",
              "options": "#minecraft:on_random_loot"
            }
          ]
        },
        {
          "type": "minecraft:item",
          "name": "minecraft:iron_hoe",
          "weight": 6,
          "functions": [
            {
              "function": "minecraft:set_damage",
              "damage": {
                "min": 0.05,
                "max": 0.4
              },
              "add": false
            },
            {
              "function": "minecraft:enchant_randomly",
              "options": "#minecraft:on_random_loot"
            }
          ]
        }
      ]
    }
  ]
}
