{
  "pools": [
    {
      "rolls": 1,
      "entries": [
        {
          "type": "minecraft:item",
          "name": "minecraft:written_book",
          "functions": [
            {
              "function": "minecraft:set_components",
              "components": {
                "minecraft:written_book_content": {
                  "title": "Tribe Civilization Manual",
                  "author": "Stoupy51",
                  "pages": [
                    "[{'text': ''}, {'text': 'Tribe Civilization Manual\\n', 'underlined': True}, {'text': '\\u0021\\u0021\\u1020\\n\\n\\n\\n\\n\\n', 'font': 'tribe_civilization:manual', 'color': 'white'}, {'text': 'Guide spirituel des N\u00e9buliens, ces recettes ont \u00e9t\u00e9 d\u00e9couvertes par ', 'color': '#505050'}, {'text': 'M. Nebulien', 'obfuscated': True}]",
                    "[{'text': '', 'font': 'tribe_civilization:manual', 'color': 'white'}, {'text': 'Heavy Workbench\\n', 'font': 'minecraft:default', 'color': 'black', 'underlined': True}, '\\u0022\\u002a\\n\\u0022', {'text': '\\u0024\\u810b\\u0024\\u810b\\u0024\\u810b\\n', 'hoverEvent': {'action': 'show_item', 'contents': {'id': 'minecraft:oak_log'}}}, '\\u0022', {'text': '\\u0031\\u0024\\u0031\\u0024\\u0031\\u0024\\n', 'hoverEvent': {'action': 'show_item', 'contents': {'id': 'minecraft:oak_log'}}}, '\\u0022', {'text': '\\u0024\\u810b', 'hoverEvent': {'action': 'show_item', 'contents': {'id': 'minecraft:oak_log'}}}, {'text': '\\u0024\\u810c', 'hoverEvent': {'action': 'show_item', 'contents': {'id': 'minecraft:crafting_table'}}}, {'text': '\\u0024\\u810b', 'hoverEvent': {'action': 'show_item', 'contents': {'id': 'minecraft:oak_log'}}}, '\\u0022\\u0022', {'text': '\\u0024\\u0024\\u810a\\n', 'hoverEvent': {'action': 'show_item', 'contents': {'id': 'furnace', 'components': {'item_name': \"'Heavy Workbench'\"}}}}, '\\u0022', {'text': '\\u0031\\u0024', 'hoverEvent': {'action': 'show_item', 'contents': {'id': 'minecraft:oak_log'}}}, {'text': '\\u0031\\u0024', 'hoverEvent': {'action': 'show_item', 'contents': {'id': 'minecraft:crafting_table'}}}, {'text': '\\u0031\\u0024', 'hoverEvent': {'action': 'show_item', 'contents': {'id': 'minecraft:oak_log'}}}, '\\u0022\\u0022', {'text': '\\u0031\\u0024\\n', 'hoverEvent': {'action': 'show_item', 'contents': {'id': 'furnace', 'components': {'item_name': \"'Heavy Workbench'\"}}}}, '\\u0022', {'text': '\\u0024\\u810d\\u0024\\u810d\\u0024\\u810d\\n', 'hoverEvent': {'action': 'show_item', 'contents': {'id': 'minecraft:smooth_stone'}}}, '\\u0022', {'text': '\\u0031\\u0024\\u0031\\u0024\\u0031\\u0024\\n', 'hoverEvent': {'action': 'show_item', 'contents': {'id': 'minecraft:smooth_stone'}}}, [{'text': '\\nEvery recipe that uses custom items ', 'font': 'minecraft:default', 'color': 'black'}, {'text': 'must', 'color': 'red', 'underlined': True}, ' be crafted using the Heavy Workbench.']]",
                    "[{'text': '', 'font': 'tribe_civilization:manual', 'color': 'white'}, {'text': '\u27a4 ', 'font': 'minecraft:default', 'color': 'black'}, {'text': 'Category browser\\n', 'font': 'minecraft:default', 'color': 'black', 'underlined': True}, '\\u0022\\u1021\\n\\u0022', {'text': '\\u0024\\u8021', 'hoverEvent': {'action': 'show_item', 'contents': {'id': 'command_block', 'components': {'item_name': \"{'text': 'Material', 'color': 'white'}\"}}}, 'clickEvent': {'action': 'change_page', 'value': '4'}}, {'text': '\\u0024\\u8035\\n', 'hoverEvent': {'action': 'show_item', 'contents': {'id': 'golden_apple', 'components': {'item_name': \"{'text': 'Miscellaneous', 'color': 'white'}\"}}}, 'clickEvent': {'action': 'change_page', 'value': '5'}}, '\\u0022', {'text': '\\u0021', 'hoverEvent': {'action': 'show_item', 'contents': {'id': 'command_block', 'components': {'item_name': \"{'text': 'Material', 'color': 'white'}\"}}}, 'clickEvent': {'action': 'change_page', 'value': '4'}}, {'text': '\\u0021\\n', 'hoverEvent': {'action': 'show_item', 'contents': {'id': 'golden_apple', 'components': {'item_name': \"{'text': 'Miscellaneous', 'color': 'white'}\"}}}, 'clickEvent': {'action': 'change_page', 'value': '5'}}]",
                    "[{'text': '', 'font': 'tribe_civilization:manual', 'color': 'white'}, {'text': '\u27a4 ', 'font': 'minecraft:default', 'color': 'black'}, {'text': 'Material\\n', 'font': 'minecraft:default', 'color': 'black', 'underlined': True}, '\\u0022\\u1023\\n\\u0022', {'text': '\\u0024\\u8021', 'hoverEvent': {'action': 'show_item', 'contents': {'id': 'command_block', 'components': {'item_name': '{\"text\": \"Astral Powder\", \"italic\": false, \"color\": \"white\"}'}}}, 'clickEvent': {'action': 'change_page', 'value': '6'}}, {'text': '\\u0024\\u8023', 'hoverEvent': {'action': 'show_item', 'contents': {'id': 'command_block', 'components': {'item_name': '{\"text\": \"Diamond Meteorite\", \"italic\": false, \"color\": \"white\"}'}}}, 'clickEvent': {'action': 'change_page', 'value': '7'}}, {'text': '\\u0024\\u8025', 'hoverEvent': {'action': 'show_item', 'contents': {'id': 'command_block', 'components': {'item_name': '{\"text\": \"Emerald Meteorite\", \"italic\": false, \"color\": \"white\"}'}}}, 'clickEvent': {'action': 'change_page', 'value': '8'}}, {'text': '\\u0024\\u8027', 'hoverEvent': {'action': 'show_item', 'contents': {'id': 'command_block', 'components': {'item_name': '{\"text\": \"Iron Meteorite\", \"italic\": false, \"color\": \"white\"}'}}}, 'clickEvent': {'action': 'change_page', 'value': '9'}}, {'text': '\\u0024\\u8029\\n', 'hoverEvent': {'action': 'show_item', 'contents': {'id': 'command_block', 'components': {'item_name': '{\"text\": \"Zinc Meteorite\", \"italic\": false, \"color\": \"white\"}'}}}, 'clickEvent': {'action': 'change_page', 'value': '10'}}, '\\u0022', {'text': '\\u0021', 'hoverEvent': {'action': 'show_item', 'contents': {'id': 'command_block', 'components': {'item_name': '{\"text\": \"Astral Powder\", \"italic\": false, \"color\": \"white\"}'}}}, 'clickEvent': {'action': 'change_page', 'value': '6'}}, {'text': '\\u0021', 'hoverEvent': {'action': 'show_item', 'contents': {'id': 'command_block', 'components': {'item_name': '{\"text\": \"Diamond Meteorite\", \"italic\": false, \"color\": \"white\"}'}}}, 'clickEvent': {'action': 'change_page', 'value': '7'}}, {'text': '\\u0021', 'hoverEvent': {'action': 'show_item', 'contents': {'id': 'command_block', 'components': {'item_name': '{\"text\": \"Emerald Meteorite\", \"italic\": false, \"color\": \"white\"}'}}}, 'clickEvent': {'action': 'change_page', 'value': '8'}}, {'text': '\\u0021', 'hoverEvent': {'action': 'show_item', 'contents': {'id': 'command_block', 'components': {'item_name': '{\"text\": \"Iron Meteorite\", \"italic\": false, \"color\": \"white\"}'}}}, 'clickEvent': {'action': 'change_page', 'value': '9'}}, {'text': '\\u0021\\n', 'hoverEvent': {'action': 'show_item', 'contents': {'id': 'command_block', 'components': {'item_name': '{\"text\": \"Zinc Meteorite\", \"italic\": false, \"color\": \"white\"}'}}}, 'clickEvent': {'action': 'change_page', 'value': '10'}}, '\\u0022', {'text': '\\u0024\\u802b', 'hoverEvent': {'action': 'show_item', 'contents': {'id': 'command_block', 'components': {'item_name': '{\"text\": \"Blue Star\", \"italic\": false, \"color\": \"white\"}'}}}, 'clickEvent': {'action': 'change_page', 'value': '11'}}, {'text': '\\u0024\\u802d', 'hoverEvent': {'action': 'show_item', 'contents': {'id': 'command_block', 'components': {'item_name': '{\"text\": \"Purple Crystal\", \"italic\": false, \"color\": \"white\"}'}}}, 'clickEvent': {'action': 'change_page', 'value': '12'}}, {'text': '\\u0024\\u802f', 'hoverEvent': {'action': 'show_item', 'contents': {'id': 'command_block', 'components': {'item_name': '{\"text\": \"Yellow Crystal\", \"italic\": false, \"color\": \"white\"}'}}}, 'clickEvent': {'action': 'change_page', 'value': '13'}}, {'text': '\\u0024\\u8031', 'hoverEvent': {'action': 'show_item', 'contents': {'id': 'command_block', 'components': {'item_name': '{\"text\": \"Green Crystal\", \"italic\": false, \"color\": \"white\"}'}}}, 'clickEvent': {'action': 'change_page', 'value': '14'}}, {'text': '\\u0024\\u8033\\n', 'hoverEvent': {'action': 'show_item', 'contents': {'id': 'command_block', 'components': {'item_name': '{\"text\": \"Cyan Crystal\", \"italic\": false, \"color\": \"white\"}'}}}, 'clickEvent': {'action': 'change_page', 'value': '15'}}, '\\u0022', {'text': '\\u0021', 'hoverEvent': {'action': 'show_item', 'contents': {'id': 'command_block', 'components': {'item_name': '{\"text\": \"Blue Star\", \"italic\": false, \"color\": \"white\"}'}}}, 'clickEvent': {'action': 'change_page', 'value': '11'}}, {'text': '\\u0021', 'hoverEvent': {'action': 'show_item', 'contents': {'id': 'command_block', 'components': {'item_name': '{\"text\": \"Purple Crystal\", \"italic\": false, \"color\": \"white\"}'}}}, 'clickEvent': {'action': 'change_page', 'value': '12'}}, {'text': '\\u0021', 'hoverEvent': {'action': 'show_item', 'contents': {'id': 'command_block', 'components': {'item_name': '{\"text\": \"Yellow Crystal\", \"italic\": false, \"color\": \"white\"}'}}}, 'clickEvent': {'action': 'change_page', 'value': '13'}}, {'text': '\\u0021', 'hoverEvent': {'action': 'show_item', 'contents': {'id': 'command_block', 'components': {'item_name': '{\"text\": \"Green Crystal\", \"italic\": false, \"color\": \"white\"}'}}}, 'clickEvent': {'action': 'change_page', 'value': '14'}}, {'text': '\\u0021\\n', 'hoverEvent': {'action': 'show_item', 'contents': {'id': 'command_block', 'components': {'item_name': '{\"text\": \"Cyan Crystal\", \"italic\": false, \"color\": \"white\"}'}}}, 'clickEvent': {'action': 'change_page', 'value': '15'}}]",
                    "[{'text': '', 'font': 'tribe_civilization:manual', 'color': 'white'}, {'text': '\u27a4 ', 'font': 'minecraft:default', 'color': 'black'}, {'text': 'Miscellaneous\\n', 'font': 'minecraft:default', 'color': 'black', 'underlined': True}, '\\u0022\\u1024\\n\\u0022', {'text': '\\u0024\\u8035', 'hoverEvent': {'action': 'show_item', 'contents': {'id': 'golden_apple', 'components': {'item_name': '{\"text\": \"Gold Fish\", \"italic\": false, \"color\": \"white\"}'}}}, 'clickEvent': {'action': 'change_page', 'value': '16'}}, {'text': '\\u0024\\u8037', 'hoverEvent': {'action': 'show_item', 'contents': {'id': 'golden_apple', 'components': {'item_name': '{\"text\": \"Life Crystal\", \"italic\": false, \"color\": \"white\"}'}}}, 'clickEvent': {'action': 'change_page', 'value': '17'}}, {'text': '\\u0024\\u8039', 'hoverEvent': {'action': 'show_item', 'contents': {'id': 'command_block', 'components': {'item_name': '{\"text\": \"Lunar Compass\", \"italic\": false, \"color\": \"white\"}'}}}, 'clickEvent': {'action': 'change_page', 'value': '18'}}, {'text': '\\u0024\\u803b\\n', 'hoverEvent': {'action': 'show_item', 'contents': {'id': 'command_block', 'components': {'item_name': '{\"text\": \"Letter\", \"italic\": false, \"color\": \"white\"}'}}}, 'clickEvent': {'action': 'change_page', 'value': '19'}}, '\\u0022', {'text': '\\u0021', 'hoverEvent': {'action': 'show_item', 'contents': {'id': 'golden_apple', 'components': {'item_name': '{\"text\": \"Gold Fish\", \"italic\": false, \"color\": \"white\"}'}}}, 'clickEvent': {'action': 'change_page', 'value': '16'}}, {'text': '\\u0021', 'hoverEvent': {'action': 'show_item', 'contents': {'id': 'golden_apple', 'components': {'item_name': '{\"text\": \"Life Crystal\", \"italic\": false, \"color\": \"white\"}'}}}, 'clickEvent': {'action': 'change_page', 'value': '17'}}, {'text': '\\u0021', 'hoverEvent': {'action': 'show_item', 'contents': {'id': 'command_block', 'components': {'item_name': '{\"text\": \"Lunar Compass\", \"italic\": false, \"color\": \"white\"}'}}}, 'clickEvent': {'action': 'change_page', 'value': '18'}}, {'text': '\\u0021\\n', 'hoverEvent': {'action': 'show_item', 'contents': {'id': 'command_block', 'components': {'item_name': '{\"text\": \"Letter\", \"italic\": false, \"color\": \"white\"}'}}}, 'clickEvent': {'action': 'change_page', 'value': '19'}}]",
                    "[{'text': '', 'font': 'tribe_civilization:manual', 'color': 'white'}, {'text': 'Astral Powder\\n', 'font': 'minecraft:default', 'color': 'black', 'underlined': True}, '\\u0021\\u0021\\u1025\\n\\u0021\\u0021', {'text': '\\u0020\\u0020\\n', 'hoverEvent': {'action': 'show_item', 'contents': {'id': 'command_block', 'components': {'item_name': '{\"text\": \"Astral Powder\", \"italic\": false, \"color\": \"white\"}', 'lore': ['[\"\", {\"text\": \"I\", \"color\": \"white\", \"italic\": false, \"font\": \"tribe_civilization:icons\"}, {\"text\": \" Tribe Civilization\", \"italic\": true, \"color\": \"blue\"}]']}}}, 'clickEvent': {'action': 'change_page', 'value': '6'}}, '\\u0021\\u0021', {'text': '\\u0020\\u0020\\n', 'hoverEvent': {'action': 'show_item', 'contents': {'id': 'command_block', 'components': {'item_name': '{\"text\": \"Astral Powder\", \"italic\": false, \"color\": \"white\"}', 'lore': ['[\"\", {\"text\": \"I\", \"color\": \"white\", \"italic\": false, \"font\": \"tribe_civilization:icons\"}, {\"text\": \" Tribe Civilization\", \"italic\": true, \"color\": \"blue\"}]']}}}, 'clickEvent': {'action': 'change_page', 'value': '6'}}, '\\u0021\\u0021', {'text': '\\u0020\\u0020\\n', 'hoverEvent': {'action': 'show_item', 'contents': {'id': 'command_block', 'components': {'item_name': '{\"text\": \"Astral Powder\", \"italic\": false, \"color\": \"white\"}', 'lore': ['[\"\", {\"text\": \"I\", \"color\": \"white\", \"italic\": false, \"font\": \"tribe_civilization:icons\"}, {\"text\": \" Tribe Civilization\", \"italic\": true, \"color\": \"blue\"}]']}}}, 'clickEvent': {'action': 'change_page', 'value': '6'}}, '\\u0021\\u0021', {'text': '\\u0020\\u0020\\n\\n', 'hoverEvent': {'action': 'show_item', 'contents': {'id': 'command_block', 'components': {'item_name': '{\"text\": \"Astral Powder\", \"italic\": false, \"color\": \"white\"}', 'lore': ['[\"\", {\"text\": \"I\", \"color\": \"white\", \"italic\": false, \"font\": \"tribe_civilization:icons\"}, {\"text\": \" Tribe Civilization\", \"italic\": true, \"color\": \"blue\"}]']}}}, 'clickEvent': {'action': 'change_page', 'value': '6'}}, {'text': '\\u8044\\n', 'hoverEvent': {'action': 'show_text', 'contents': [{'text': ''}, [{'text': '', 'font': 'tribe_civilization:manual', 'color': 'white'}, '\\u0022\\u002e\\n\\u0022\\u0024\\u8021\\u0024\\u802d\\u0024\\u802f\\n\\u0022\\u0031\\u0024\\u0031\\u0024\\u0031\\u0024\\n\\u0022\\u0024\\u8031\\u0024\\u8033\\u0031\\u0024\\u0022\\u0022\\u0024\\u0024\\u8037\\n\\u0022\\u0031\\u0024\\u0031\\u0024\\u0031\\u0024\\u0022\\u0022\\u0031\\u0024\\n\\n\\n'], {'text': '\\n- x1 Astral Powder\\n- x1 Purple Crystal\\n- x1 Yellow Crystal\\n- x1 Green Crystal\\n- x1 Cyan Crystal', 'color': 'gray'}]}, 'clickEvent': {'action': 'change_page', 'value': '17'}}, {'text': '\\u0025\\u0023\\u0023', 'hoverEvent': {'action': 'show_text', 'contents': [{'text': ''}, [{'text': '', 'font': 'tribe_civilization:manual', 'color': 'white'}, '\\u0022\\u002e\\n\\u0022\\u0024\\u8021\\u0024\\u802d\\u0024\\u802f\\n\\u0022\\u0031\\u0024\\u0031\\u0024\\u0031\\u0024\\n\\u0022\\u0024\\u8031\\u0024\\u8033\\u0031\\u0024\\u0022\\u0022\\u0024\\u0024\\u8037\\n\\u0022\\u0031\\u0024\\u0031\\u0024\\u0031\\u0024\\u0022\\u0022\\u0031\\u0024\\n\\n\\n'], {'text': '\\n- x1 Astral Powder\\n- x1 Purple Crystal\\n- x1 Yellow Crystal\\n- x1 Green Crystal\\n- x1 Cyan Crystal', 'color': 'gray'}]}, 'clickEvent': {'action': 'change_page', 'value': '17'}}]",
                    "[{'text': '', 'font': 'tribe_civilization:manual', 'color': 'white'}, {'text': 'Diamond Meteorite\\n', 'font': 'minecraft:default', 'color': 'black', 'underlined': True}, '\\u0021\\u0021\\u1026\\n\\u0021\\u0021', {'text': '\\u0020\\u0020\\n', 'hoverEvent': {'action': 'show_item', 'contents': {'id': 'command_block', 'components': {'item_name': '{\"text\": \"Diamond Meteorite\", \"italic\": false, \"color\": \"white\"}', 'lore': ['[\"\", {\"text\": \"I\", \"color\": \"white\", \"italic\": false, \"font\": \"tribe_civilization:icons\"}, {\"text\": \" Tribe Civilization\", \"italic\": true, \"color\": \"blue\"}]']}}}, 'clickEvent': {'action': 'change_page', 'value': '7'}}, '\\u0021\\u0021', {'text': '\\u0020\\u0020\\n', 'hoverEvent': {'action': 'show_item', 'contents': {'id': 'command_block', 'components': {'item_name': '{\"text\": \"Diamond Meteorite\", \"italic\": false, \"color\": \"white\"}', 'lore': ['[\"\", {\"text\": \"I\", \"color\": \"white\", \"italic\": false, \"font\": \"tribe_civilization:icons\"}, {\"text\": \" Tribe Civilization\", \"italic\": true, \"color\": \"blue\"}]']}}}, 'clickEvent': {'action': 'change_page', 'value': '7'}}, '\\u0021\\u0021', {'text': '\\u0020\\u0020\\n', 'hoverEvent': {'action': 'show_item', 'contents': {'id': 'command_block', 'components': {'item_name': '{\"text\": \"Diamond Meteorite\", \"italic\": false, \"color\": \"white\"}', 'lore': ['[\"\", {\"text\": \"I\", \"color\": \"white\", \"italic\": false, \"font\": \"tribe_civilization:icons\"}, {\"text\": \" Tribe Civilization\", \"italic\": true, \"color\": \"blue\"}]']}}}, 'clickEvent': {'action': 'change_page', 'value': '7'}}, '\\u0021\\u0021', {'text': '\\u0020\\u0020\\n\\n', 'hoverEvent': {'action': 'show_item', 'contents': {'id': 'command_block', 'components': {'item_name': '{\"text\": \"Diamond Meteorite\", \"italic\": false, \"color\": \"white\"}', 'lore': ['[\"\", {\"text\": \"I\", \"color\": \"white\", \"italic\": false, \"font\": \"tribe_civilization:icons\"}, {\"text\": \" Tribe Civilization\", \"italic\": true, \"color\": \"blue\"}]']}}}, 'clickEvent': {'action': 'change_page', 'value': '7'}}, {'text': '\\u804c\\n', 'hoverEvent': {'action': 'show_text', 'contents': [{'text': ''}, [{'text': '', 'font': 'tribe_civilization:manual', 'color': 'white'}, '\\u0022\\u002e\\n\\u0022\\u0024\\u8023\\u0024\\u8025\\u0024\\u8027\\n\\u0022\\u0031\\u0024\\u0031\\u0024\\u0031\\u0024\\n\\u0022\\u0024\\u8029\\u0024\\u802b\\u0031\\u0024\\u0022\\u0022\\u0024\\u0024\\u8039\\n\\u0022\\u0031\\u0024\\u0031\\u0024\\u0031\\u0024\\u0022\\u0022\\u0031\\u0024\\n\\n\\n'], {'text': '\\n- x1 Diamond Meteorite\\n- x1 Emerald Meteorite\\n- x1 Iron Meteorite\\n- x1 Zinc Meteorite\\n- x1 Blue Star', 'color': 'gray'}]}, 'clickEvent': {'action': 'change_page', 'value': '18'}}, {'text': '\\u0025\\u0023\\u0023', 'hoverEvent': {'action': 'show_text', 'contents': [{'text': ''}, [{'text': '', 'font': 'tribe_civilization:manual', 'color': 'white'}, '\\u0022\\u002e\\n\\u0022\\u0024\\u8023\\u0024\\u8025\\u0024\\u8027\\n\\u0022\\u0031\\u0024\\u0031\\u0024\\u0031\\u0024\\n\\u0022\\u0024\\u8029\\u0024\\u802b\\u0031\\u0024\\u0022\\u0022\\u0024\\u0024\\u8039\\n\\u0022\\u0031\\u0024\\u0031\\u0024\\u0031\\u0024\\u0022\\u0022\\u0031\\u0024\\n\\n\\n'], {'text': '\\n- x1 Diamond Meteorite\\n- x1 Emerald Meteorite\\n- x1 Iron Meteorite\\n- x1 Zinc Meteorite\\n- x1 Blue Star', 'color': 'gray'}]}, 'clickEvent': {'action': 'change_page', 'value': '18'}}]",
                    "[{'text': '', 'font': 'tribe_civilization:manual', 'color': 'white'}, {'text': 'Emerald Meteorite\\n', 'font': 'minecraft:default', 'color': 'black', 'underlined': True}, '\\u0021\\u0021\\u1027\\n\\u0021\\u0021', {'text': '\\u0020\\u0020\\n', 'hoverEvent': {'action': 'show_item', 'contents': {'id': 'command_block', 'components': {'item_name': '{\"text\": \"Emerald Meteorite\", \"italic\": false, \"color\": \"white\"}', 'lore': ['[\"\", {\"text\": \"I\", \"color\": \"white\", \"italic\": false, \"font\": \"tribe_civilization:icons\"}, {\"text\": \" Tribe Civilization\", \"italic\": true, \"color\": \"blue\"}]']}}}, 'clickEvent': {'action': 'change_page', 'value': '8'}}, '\\u0021\\u0021', {'text': '\\u0020\\u0020\\n', 'hoverEvent': {'action': 'show_item', 'contents': {'id': 'command_block', 'components': {'item_name': '{\"text\": \"Emerald Meteorite\", \"italic\": false, \"color\": \"white\"}', 'lore': ['[\"\", {\"text\": \"I\", \"color\": \"white\", \"italic\": false, \"font\": \"tribe_civilization:icons\"}, {\"text\": \" Tribe Civilization\", \"italic\": true, \"color\": \"blue\"}]']}}}, 'clickEvent': {'action': 'change_page', 'value': '8'}}, '\\u0021\\u0021', {'text': '\\u0020\\u0020\\n', 'hoverEvent': {'action': 'show_item', 'contents': {'id': 'command_block', 'components': {'item_name': '{\"text\": \"Emerald Meteorite\", \"italic\": false, \"color\": \"white\"}', 'lore': ['[\"\", {\"text\": \"I\", \"color\": \"white\", \"italic\": false, \"font\": \"tribe_civilization:icons\"}, {\"text\": \" Tribe Civilization\", \"italic\": true, \"color\": \"blue\"}]']}}}, 'clickEvent': {'action': 'change_page', 'value': '8'}}, '\\u0021\\u0021', {'text': '\\u0020\\u0020\\n\\n', 'hoverEvent': {'action': 'show_item', 'contents': {'id': 'command_block', 'components': {'item_name': '{\"text\": \"Emerald Meteorite\", \"italic\": false, \"color\": \"white\"}', 'lore': ['[\"\", {\"text\": \"I\", \"color\": \"white\", \"italic\": false, \"font\": \"tribe_civilization:icons\"}, {\"text\": \" Tribe Civilization\", \"italic\": true, \"color\": \"blue\"}]']}}}, 'clickEvent': {'action': 'change_page', 'value': '8'}}, {'text': '\\u8054\\n', 'hoverEvent': {'action': 'show_text', 'contents': [{'text': ''}, [{'text': '', 'font': 'tribe_civilization:manual', 'color': 'white'}, '\\u0022\\u002e\\n\\u0022\\u0024\\u8023\\u0024\\u8025\\u0024\\u8027\\n\\u0022\\u0031\\u0024\\u0031\\u0024\\u0031\\u0024\\n\\u0022\\u0024\\u8029\\u0024\\u802b\\u0031\\u0024\\u0022\\u0022\\u0024\\u0024\\u8039\\n\\u0022\\u0031\\u0024\\u0031\\u0024\\u0031\\u0024\\u0022\\u0022\\u0031\\u0024\\n\\n\\n'], {'text': '\\n- x1 Diamond Meteorite\\n- x1 Emerald Meteorite\\n- x1 Iron Meteorite\\n- x1 Zinc Meteorite\\n- x1 Blue Star', 'color': 'gray'}]}, 'clickEvent': {'action': 'change_page', 'value': '18'}}, {'text': '\\u0025\\u0023\\u0023', 'hoverEvent': {'action': 'show_text', 'contents': [{'text': ''}, [{'text': '', 'font': 'tribe_civilization:manual', 'color': 'white'}, '\\u0022\\u002e\\n\\u0022\\u0024\\u8023\\u0024\\u8025\\u0024\\u8027\\n\\u0022\\u0031\\u0024\\u0031\\u0024\\u0031\\u0024\\n\\u0022\\u0024\\u8029\\u0024\\u802b\\u0031\\u0024\\u0022\\u0022\\u0024\\u0024\\u8039\\n\\u0022\\u0031\\u0024\\u0031\\u0024\\u0031\\u0024\\u0022\\u0022\\u0031\\u0024\\n\\n\\n'], {'text': '\\n- x1 Diamond Meteorite\\n- x1 Emerald Meteorite\\n- x1 Iron Meteorite\\n- x1 Zinc Meteorite\\n- x1 Blue Star', 'color': 'gray'}]}, 'clickEvent': {'action': 'change_page', 'value': '18'}}]",
                    "[{'text': '', 'font': 'tribe_civilization:manual', 'color': 'white'}, {'text': 'Iron Meteorite\\n', 'font': 'minecraft:default', 'color': 'black', 'underlined': True}, '\\u0021\\u0021\\u1028\\n\\u0021\\u0021', {'text': '\\u0020\\u0020\\n', 'hoverEvent': {'action': 'show_item', 'contents': {'id': 'command_block', 'components': {'item_name': '{\"text\": \"Iron Meteorite\", \"italic\": false, \"color\": \"white\"}', 'lore': ['[\"\", {\"text\": \"I\", \"color\": \"white\", \"italic\": false, \"font\": \"tribe_civilization:icons\"}, {\"text\": \" Tribe Civilization\", \"italic\": true, \"color\": \"blue\"}]']}}}, 'clickEvent': {'action': 'change_page', 'value': '9'}}, '\\u0021\\u0021', {'text': '\\u0020\\u0020\\n', 'hoverEvent': {'action': 'show_item', 'contents': {'id': 'command_block', 'components': {'item_name': '{\"text\": \"Iron Meteorite\", \"italic\": false, \"color\": \"white\"}', 'lore': ['[\"\", {\"text\": \"I\", \"color\": \"white\", \"italic\": false, \"font\": \"tribe_civilization:icons\"}, {\"text\": \" Tribe Civilization\", \"italic\": true, \"color\": \"blue\"}]']}}}, 'clickEvent': {'action': 'change_page', 'value': '9'}}, '\\u0021\\u0021', {'text': '\\u0020\\u0020\\n', 'hoverEvent': {'action': 'show_item', 'contents': {'id': 'command_block', 'components': {'item_name': '{\"text\": \"Iron Meteorite\", \"italic\": false, \"color\": \"white\"}', 'lore': ['[\"\", {\"text\": \"I\", \"color\": \"white\", \"italic\": false, \"font\": \"tribe_civilization:icons\"}, {\"text\": \" Tribe Civilization\", \"italic\": true, \"color\": \"blue\"}]']}}}, 'clickEvent': {'action': 'change_page', 'value': '9'}}, '\\u0021\\u0021', {'text': '\\u0020\\u0020\\n\\n', 'hoverEvent': {'action': 'show_item', 'contents': {'id': 'command_block', 'components': {'item_name': '{\"text\": \"Iron Meteorite\", \"italic\": false, \"color\": \"white\"}', 'lore': ['[\"\", {\"text\": \"I\", \"color\": \"white\", \"italic\": false, \"font\": \"tribe_civilization:icons\"}, {\"text\": \" Tribe Civilization\", \"italic\": true, \"color\": \"blue\"}]']}}}, 'clickEvent': {'action': 'change_page', 'value': '9'}}, {'text': '\\u805c\\n', 'hoverEvent': {'action': 'show_text', 'contents': [{'text': ''}, [{'text': '', 'font': 'tribe_civilization:manual', 'color': 'white'}, '\\u0022\\u002e\\n\\u0022\\u0024\\u8023\\u0024\\u8025\\u0024\\u8027\\n\\u0022\\u0031\\u0024\\u0031\\u0024\\u0031\\u0024\\n\\u0022\\u0024\\u8029\\u0024\\u802b\\u0031\\u0024\\u0022\\u0022\\u0024\\u0024\\u8039\\n\\u0022\\u0031\\u0024\\u0031\\u0024\\u0031\\u0024\\u0022\\u0022\\u0031\\u0024\\n\\n\\n'], {'text': '\\n- x1 Diamond Meteorite\\n- x1 Emerald Meteorite\\n- x1 Iron Meteorite\\n- x1 Zinc Meteorite\\n- x1 Blue Star', 'color': 'gray'}]}, 'clickEvent': {'action': 'change_page', 'value': '18'}}, {'text': '\\u0025\\u0023\\u0023', 'hoverEvent': {'action': 'show_text', 'contents': [{'text': ''}, [{'text': '', 'font': 'tribe_civilization:manual', 'color': 'white'}, '\\u0022\\u002e\\n\\u0022\\u0024\\u8023\\u0024\\u8025\\u0024\\u8027\\n\\u0022\\u0031\\u0024\\u0031\\u0024\\u0031\\u0024\\n\\u0022\\u0024\\u8029\\u0024\\u802b\\u0031\\u0024\\u0022\\u0022\\u0024\\u0024\\u8039\\n\\u0022\\u0031\\u0024\\u0031\\u0024\\u0031\\u0024\\u0022\\u0022\\u0031\\u0024\\n\\n\\n'], {'text': '\\n- x1 Diamond Meteorite\\n- x1 Emerald Meteorite\\n- x1 Iron Meteorite\\n- x1 Zinc Meteorite\\n- x1 Blue Star', 'color': 'gray'}]}, 'clickEvent': {'action': 'change_page', 'value': '18'}}]",
                    "[{'text': '', 'font': 'tribe_civilization:manual', 'color': 'white'}, {'text': 'Zinc Meteorite\\n', 'font': 'minecraft:default', 'color': 'black', 'underlined': True}, '\\u0021\\u0021\\u1029\\n\\u0021\\u0021', {'text': '\\u0020\\u0020\\n', 'hoverEvent': {'action': 'show_item', 'contents': {'id': 'command_block', 'components': {'item_name': '{\"text\": \"Zinc Meteorite\", \"italic\": false, \"color\": \"white\"}', 'lore': ['[\"\", {\"text\": \"I\", \"color\": \"white\", \"italic\": false, \"font\": \"tribe_civilization:icons\"}, {\"text\": \" Tribe Civilization\", \"italic\": true, \"color\": \"blue\"}]']}}}, 'clickEvent': {'action': 'change_page', 'value': '10'}}, '\\u0021\\u0021', {'text': '\\u0020\\u0020\\n', 'hoverEvent': {'action': 'show_item', 'contents': {'id': 'command_block', 'components': {'item_name': '{\"text\": \"Zinc Meteorite\", \"italic\": false, \"color\": \"white\"}', 'lore': ['[\"\", {\"text\": \"I\", \"color\": \"white\", \"italic\": false, \"font\": \"tribe_civilization:icons\"}, {\"text\": \" Tribe Civilization\", \"italic\": true, \"color\": \"blue\"}]']}}}, 'clickEvent': {'action': 'change_page', 'value': '10'}}, '\\u0021\\u0021', {'text': '\\u0020\\u0020\\n', 'hoverEvent': {'action': 'show_item', 'contents': {'id': 'command_block', 'components': {'item_name': '{\"text\": \"Zinc Meteorite\", \"italic\": false, \"color\": \"white\"}', 'lore': ['[\"\", {\"text\": \"I\", \"color\": \"white\", \"italic\": false, \"font\": \"tribe_civilization:icons\"}, {\"text\": \" Tribe Civilization\", \"italic\": true, \"color\": \"blue\"}]']}}}, 'clickEvent': {'action': 'change_page', 'value': '10'}}, '\\u0021\\u0021', {'text': '\\u0020\\u0020\\n\\n', 'hoverEvent': {'action': 'show_item', 'contents': {'id': 'command_block', 'components': {'item_name': '{\"text\": \"Zinc Meteorite\", \"italic\": false, \"color\": \"white\"}', 'lore': ['[\"\", {\"text\": \"I\", \"color\": \"white\", \"italic\": false, \"font\": \"tribe_civilization:icons\"}, {\"text\": \" Tribe Civilization\", \"italic\": true, \"color\": \"blue\"}]']}}}, 'clickEvent': {'action': 'change_page', 'value': '10'}}, {'text': '\\u8064\\n', 'hoverEvent': {'action': 'show_text', 'contents': [{'text': ''}, [{'text': '', 'font': 'tribe_civilization:manual', 'color': 'white'}, '\\u0022\\u002e\\n\\u0022\\u0024\\u8023\\u0024\\u8025\\u0024\\u8027\\n\\u0022\\u0031\\u0024\\u0031\\u0024\\u0031\\u0024\\n\\u0022\\u0024\\u8029\\u0024\\u802b\\u0031\\u0024\\u0022\\u0022\\u0024\\u0024\\u8039\\n\\u0022\\u0031\\u0024\\u0031\\u0024\\u0031\\u0024\\u0022\\u0022\\u0031\\u0024\\n\\n\\n'], {'text': '\\n- x1 Diamond Meteorite\\n- x1 Emerald Meteorite\\n- x1 Iron Meteorite\\n- x1 Zinc Meteorite\\n- x1 Blue Star', 'color': 'gray'}]}, 'clickEvent': {'action': 'change_page', 'value': '18'}}, {'text': '\\u0025\\u0023\\u0023', 'hoverEvent': {'action': 'show_text', 'contents': [{'text': ''}, [{'text': '', 'font': 'tribe_civilization:manual', 'color': 'white'}, '\\u0022\\u002e\\n\\u0022\\u0024\\u8023\\u0024\\u8025\\u0024\\u8027\\n\\u0022\\u0031\\u0024\\u0031\\u0024\\u0031\\u0024\\n\\u0022\\u0024\\u8029\\u0024\\u802b\\u0031\\u0024\\u0022\\u0022\\u0024\\u0024\\u8039\\n\\u0022\\u0031\\u0024\\u0031\\u0024\\u0031\\u0024\\u0022\\u0022\\u0031\\u0024\\n\\n\\n'], {'text': '\\n- x1 Diamond Meteorite\\n- x1 Emerald Meteorite\\n- x1 Iron Meteorite\\n- x1 Zinc Meteorite\\n- x1 Blue Star', 'color': 'gray'}]}, 'clickEvent': {'action': 'change_page', 'value': '18'}}]",
                    "[{'text': '', 'font': 'tribe_civilization:manual', 'color': 'white'}, {'text': 'Blue Star\\n', 'font': 'minecraft:default', 'color': 'black', 'underlined': True}, '\\u0021\\u0021\\u102a\\n\\u0021\\u0021', {'text': '\\u0020\\u0020\\n', 'hoverEvent': {'action': 'show_item', 'contents': {'id': 'command_block', 'components': {'item_name': '{\"text\": \"Blue Star\", \"italic\": false, \"color\": \"white\"}', 'lore': ['[\"\", {\"text\": \"I\", \"color\": \"white\", \"italic\": false, \"font\": \"tribe_civilization:icons\"}, {\"text\": \" Tribe Civilization\", \"italic\": true, \"color\": \"blue\"}]']}}}, 'clickEvent': {'action': 'change_page', 'value': '11'}}, '\\u0021\\u0021', {'text': '\\u0020\\u0020\\n', 'hoverEvent': {'action': 'show_item', 'contents': {'id': 'command_block', 'components': {'item_name': '{\"text\": \"Blue Star\", \"italic\": false, \"color\": \"white\"}', 'lore': ['[\"\", {\"text\": \"I\", \"color\": \"white\", \"italic\": false, \"font\": \"tribe_civilization:icons\"}, {\"text\": \" Tribe Civilization\", \"italic\": true, \"color\": \"blue\"}]']}}}, 'clickEvent': {'action': 'change_page', 'value': '11'}}, '\\u0021\\u0021', {'text': '\\u0020\\u0020\\n', 'hoverEvent': {'action': 'show_item', 'contents': {'id': 'command_block', 'components': {'item_name': '{\"text\": \"Blue Star\", \"italic\": false, \"color\": \"white\"}', 'lore': ['[\"\", {\"text\": \"I\", \"color\": \"white\", \"italic\": false, \"font\": \"tribe_civilization:icons\"}, {\"text\": \" Tribe Civilization\", \"italic\": true, \"color\": \"blue\"}]']}}}, 'clickEvent': {'action': 'change_page', 'value': '11'}}, '\\u0021\\u0021', {'text': '\\u0020\\u0020\\n\\n', 'hoverEvent': {'action': 'show_item', 'contents': {'id': 'command_block', 'components': {'item_name': '{\"text\": \"Blue Star\", \"italic\": false, \"color\": \"white\"}', 'lore': ['[\"\", {\"text\": \"I\", \"color\": \"white\", \"italic\": false, \"font\": \"tribe_civilization:icons\"}, {\"text\": \" Tribe Civilization\", \"italic\": true, \"color\": \"blue\"}]']}}}, 'clickEvent': {'action': 'change_page', 'value': '11'}}, {'text': '\\u806c\\n', 'hoverEvent': {'action': 'show_text', 'contents': [{'text': ''}, [{'text': '', 'font': 'tribe_civilization:manual', 'color': 'white'}, '\\u0022\\u002e\\n\\u0022\\u0024\\u8023\\u0024\\u8025\\u0024\\u8027\\n\\u0022\\u0031\\u0024\\u0031\\u0024\\u0031\\u0024\\n\\u0022\\u0024\\u8029\\u0024\\u802b\\u0031\\u0024\\u0022\\u0022\\u0024\\u0024\\u8039\\n\\u0022\\u0031\\u0024\\u0031\\u0024\\u0031\\u0024\\u0022\\u0022\\u0031\\u0024\\n\\n\\n'], {'text': '\\n- x1 Diamond Meteorite\\n- x1 Emerald Meteorite\\n- x1 Iron Meteorite\\n- x1 Zinc Meteorite\\n- x1 Blue Star', 'color': 'gray'}]}, 'clickEvent': {'action': 'change_page', 'value': '18'}}, {'text': '\\u0025\\u0023\\u0023', 'hoverEvent': {'action': 'show_text', 'contents': [{'text': ''}, [{'text': '', 'font': 'tribe_civilization:manual', 'color': 'white'}, '\\u0022\\u002e\\n\\u0022\\u0024\\u8023\\u0024\\u8025\\u0024\\u8027\\n\\u0022\\u0031\\u0024\\u0031\\u0024\\u0031\\u0024\\n\\u0022\\u0024\\u8029\\u0024\\u802b\\u0031\\u0024\\u0022\\u0022\\u0024\\u0024\\u8039\\n\\u0022\\u0031\\u0024\\u0031\\u0024\\u0031\\u0024\\u0022\\u0022\\u0031\\u0024\\n\\n\\n'], {'text': '\\n- x1 Diamond Meteorite\\n- x1 Emerald Meteorite\\n- x1 Iron Meteorite\\n- x1 Zinc Meteorite\\n- x1 Blue Star', 'color': 'gray'}]}, 'clickEvent': {'action': 'change_page', 'value': '18'}}]",
                    "[{'text': '', 'font': 'tribe_civilization:manual', 'color': 'white'}, {'text': 'Purple Crystal\\n', 'font': 'minecraft:default', 'color': 'black', 'underlined': True}, '\\u0022\\u0029\\n\\u0022', {'text': '\\u0024\\u802f', 'hoverEvent': {'action': 'show_item', 'contents': {'id': 'command_block', 'components': {'item_name': '{\"text\": \"Yellow Crystal\", \"italic\": false, \"color\": \"white\"}', 'lore': ['[\"\", {\"text\": \"I\", \"color\": \"white\", \"italic\": false, \"font\": \"tribe_civilization:icons\"}, {\"text\": \" Tribe Civilization\", \"italic\": true, \"color\": \"blue\"}]']}}}, 'clickEvent': {'action': 'change_page', 'value': '13'}}, {'text': '\\u0024\\u8031\\n', 'hoverEvent': {'action': 'show_item', 'contents': {'id': 'command_block', 'components': {'item_name': '{\"text\": \"Green Crystal\", \"italic\": false, \"color\": \"white\"}', 'lore': ['[\"\", {\"text\": \"I\", \"color\": \"white\", \"italic\": false, \"font\": \"tribe_civilization:icons\"}, {\"text\": \" Tribe Civilization\", \"italic\": true, \"color\": \"blue\"}]']}}}, 'clickEvent': {'action': 'change_page', 'value': '14'}}, '\\u0022', {'text': '\\u0031\\u0024', 'hoverEvent': {'action': 'show_item', 'contents': {'id': 'command_block', 'components': {'item_name': '{\"text\": \"Yellow Crystal\", \"italic\": false, \"color\": \"white\"}', 'lore': ['[\"\", {\"text\": \"I\", \"color\": \"white\", \"italic\": false, \"font\": \"tribe_civilization:icons\"}, {\"text\": \" Tribe Civilization\", \"italic\": true, \"color\": \"blue\"}]']}}}, 'clickEvent': {'action': 'change_page', 'value': '13'}}, {'text': '\\u0031\\u0024', 'hoverEvent': {'action': 'show_item', 'contents': {'id': 'command_block', 'components': {'item_name': '{\"text\": \"Green Crystal\", \"italic\": false, \"color\": \"white\"}', 'lore': ['[\"\", {\"text\": \"I\", \"color\": \"white\", \"italic\": false, \"font\": \"tribe_civilization:icons\"}, {\"text\": \" Tribe Civilization\", \"italic\": true, \"color\": \"blue\"}]']}}}, 'clickEvent': {'action': 'change_page', 'value': '14'}}, '\\u0031\\u0024', {'text': '\\u0024\\u0024\\u802d\\n', 'hoverEvent': {'action': 'show_item', 'contents': {'id': 'command_block', 'components': {'item_name': '{\"text\": \"Purple Crystal\", \"italic\": false, \"color\": \"white\"}', 'lore': ['[\"\", {\"text\": \"I\", \"color\": \"white\", \"italic\": false, \"font\": \"tribe_civilization:icons\"}, {\"text\": \" Tribe Civilization\", \"italic\": true, \"color\": \"blue\"}]']}}}}, '\\u0022', {'text': '\\u0024\\u8033', 'hoverEvent': {'action': 'show_item', 'contents': {'id': 'command_block', 'components': {'item_name': '{\"text\": \"Cyan Crystal\", \"italic\": false, \"color\": \"white\"}', 'lore': ['[\"\", {\"text\": \"I\", \"color\": \"white\", \"italic\": false, \"font\": \"tribe_civilization:icons\"}, {\"text\": \" Tribe Civilization\", \"italic\": true, \"color\": \"blue\"}]']}}}, 'clickEvent': {'action': 'change_page', 'value': '15'}}, '\\u0031\\u0024\\u0031\\u0024', {'text': '\\u0031\\u0024\\n', 'hoverEvent': {'action': 'show_item', 'contents': {'id': 'command_block', 'components': {'item_name': '{\"text\": \"Purple Crystal\", \"italic\": false, \"color\": \"white\"}', 'lore': ['[\"\", {\"text\": \"I\", \"color\": \"white\", \"italic\": false, \"font\": \"tribe_civilization:icons\"}, {\"text\": \" Tribe Civilization\", \"italic\": true, \"color\": \"blue\"}]']}}}}, '\\u0022', {'text': '\\u0031\\u0024\\n\\n', 'hoverEvent': {'action': 'show_item', 'contents': {'id': 'command_block', 'components': {'item_name': '{\"text\": \"Cyan Crystal\", \"italic\": false, \"color\": \"white\"}', 'lore': ['[\"\", {\"text\": \"I\", \"color\": \"white\", \"italic\": false, \"font\": \"tribe_civilization:icons\"}, {\"text\": \" Tribe Civilization\", \"italic\": true, \"color\": \"blue\"}]']}}}, 'clickEvent': {'action': 'change_page', 'value': '15'}}, {'text': '\\u0026\\u0023\\u0023', 'hoverEvent': {'action': 'show_text', 'contents': {'text': 'Lors de la mort du survivant de la m\u00eame couleur, ce crystal est dropp\u00e9.'}}}, {'text': '\\u0027\\u0023\\u0023', 'hoverEvent': {'action': 'show_text', 'contents': [{'text': ''}, [{'text': '', 'font': 'tribe_civilization:manual', 'color': 'white'}, '\\u0022\\u002d\\n\\u0022\\u0024\\u802f\\u0024\\u8031\\n\\u0022\\u0031\\u0024\\u0031\\u0024\\u0031\\u0024\\u0024\\u0024\\u802d\\n\\u0022\\u0024\\u8033\\u0031\\u0024\\u0031\\u0024\\u0031\\u0024\\n\\u0022\\u0031\\u0024\\n'], {'text': '\\n- x1 Yellow Crystal\\n- x1 Green Crystal\\n- x1 Cyan Crystal', 'color': 'gray'}]}}, {'text': '\\u8079\\u0023\\u0023', 'hoverEvent': {'action': 'show_text', 'contents': [{'text': ''}, [{'text': '', 'font': 'tribe_civilization:manual', 'color': 'white'}, '\\u0022\\u002d\\n\\u0022\\u0024\\u802d\\u0024\\u8031\\n\\u0022\\u0031\\u0024\\u0031\\u0024\\u0031\\u0024\\u0024\\u0024\\u802f\\n\\u0022\\u0024\\u8033\\u0031\\u0024\\u0031\\u0024\\u0031\\u0024\\n\\u0022\\u0031\\u0024\\n'], {'text': '\\n- x1 Purple Crystal\\n- x1 Green Crystal\\n- x1 Cyan Crystal', 'color': 'gray'}]}, 'clickEvent': {'action': 'change_page', 'value': '13'}}, {'text': '\\u807e\\u0023\\u0023', 'hoverEvent': {'action': 'show_text', 'contents': [{'text': ''}, [{'text': '', 'font': 'tribe_civilization:manual', 'color': 'white'}, '\\u0022\\u002d\\n\\u0022\\u0024\\u802d\\u0024\\u802f\\n\\u0022\\u0031\\u0024\\u0031\\u0024\\u0031\\u0024\\u0024\\u0024\\u8031\\n\\u0022\\u0024\\u8033\\u0031\\u0024\\u0031\\u0024\\u0031\\u0024\\n\\u0022\\u0031\\u0024\\n'], {'text': '\\n- x1 Purple Crystal\\n- x1 Yellow Crystal\\n- x1 Cyan Crystal', 'color': 'gray'}]}, 'clickEvent': {'action': 'change_page', 'value': '14'}}, {'text': '\\u8083\\n', 'hoverEvent': {'action': 'show_text', 'contents': [{'text': ''}, [{'text': '', 'font': 'tribe_civilization:manual', 'color': 'white'}, '\\u0022\\u002d\\n\\u0022\\u0024\\u802d\\u0024\\u802f\\n\\u0022\\u0031\\u0024\\u0031\\u0024\\u0031\\u0024\\u0024\\u0024\\u8033\\n\\u0022\\u0024\\u8031\\u0031\\u0024\\u0031\\u0024\\u0031\\u0024\\n\\u0022\\u0031\\u0024\\n'], {'text': '\\n- x1 Purple Crystal\\n- x1 Yellow Crystal\\n- x1 Green Crystal', 'color': 'gray'}]}, 'clickEvent': {'action': 'change_page', 'value': '15'}}, {'text': '\\u0025\\u0023\\u0023', 'hoverEvent': {'action': 'show_text', 'contents': {'text': 'Lors de la mort du survivant de la m\u00eame couleur, ce crystal est dropp\u00e9.'}}}, {'text': '\\u0025\\u0023\\u0023', 'hoverEvent': {'action': 'show_text', 'contents': [{'text': ''}, [{'text': '', 'font': 'tribe_civilization:manual', 'color': 'white'}, '\\u0022\\u002d\\n\\u0022\\u0024\\u802f\\u0024\\u8031\\n\\u0022\\u0031\\u0024\\u0031\\u0024\\u0031\\u0024\\u0024\\u0024\\u802d\\n\\u0022\\u0024\\u8033\\u0031\\u0024\\u0031\\u0024\\u0031\\u0024\\n\\u0022\\u0031\\u0024\\n'], {'text': '\\n- x1 Yellow Crystal\\n- x1 Green Crystal\\n- x1 Cyan Crystal', 'color': 'gray'}]}}, {'text': '\\u0025\\u0023\\u0023', 'hoverEvent': {'action': 'show_text', 'contents': [{'text': ''}, [{'text': '', 'font': 'tribe_civilization:manual', 'color': 'white'}, '\\u0022\\u002d\\n\\u0022\\u0024\\u802d\\u0024\\u8031\\n\\u0022\\u0031\\u0024\\u0031\\u0024\\u0031\\u0024\\u0024\\u0024\\u802f\\n\\u0022\\u0024\\u8033\\u0031\\u0024\\u0031\\u0024\\u0031\\u0024\\n\\u0022\\u0031\\u0024\\n'], {'text': '\\n- x1 Purple Crystal\\n- x1 Green Crystal\\n- x1 Cyan Crystal', 'color': 'gray'}]}, 'clickEvent': {'action': 'change_page', 'value': '13'}}, {'text': '\\u0025\\u0023\\u0023', 'hoverEvent': {'action': 'show_text', 'contents': [{'text': ''}, [{'text': '', 'font': 'tribe_civilization:manual', 'color': 'white'}, '\\u0022\\u002d\\n\\u0022\\u0024\\u802d\\u0024\\u802f\\n\\u0022\\u0031\\u0024\\u0031\\u0024\\u0031\\u0024\\u0024\\u0024\\u8031\\n\\u0022\\u0024\\u8033\\u0031\\u0024\\u0031\\u0024\\u0031\\u0024\\n\\u0022\\u0031\\u0024\\n'], {'text': '\\n- x1 Purple Crystal\\n- x1 Yellow Crystal\\n- x1 Cyan Crystal', 'color': 'gray'}]}, 'clickEvent': {'action': 'change_page', 'value': '14'}}, {'text': '\\u0025\\n', 'hoverEvent': {'action': 'show_text', 'contents': [{'text': ''}, [{'text': '', 'font': 'tribe_civilization:manual', 'color': 'white'}, '\\u0022\\u002d\\n\\u0022\\u0024\\u802d\\u0024\\u802f\\n\\u0022\\u0031\\u0024\\u0031\\u0024\\u0031\\u0024\\u0024\\u0024\\u8033\\n\\u0022\\u0024\\u8031\\u0031\\u0024\\u0031\\u0024\\u0031\\u0024\\n\\u0022\\u0031\\u0024\\n'], {'text': '\\n- x1 Purple Crystal\\n- x1 Yellow Crystal\\n- x1 Green Crystal', 'color': 'gray'}]}, 'clickEvent': {'action': 'change_page', 'value': '15'}}, {'text': '\\u808a\\u0023\\u0023', 'hoverEvent': {'action': 'show_text', 'contents': [{'text': ''}, [{'text': '', 'font': 'tribe_civilization:manual', 'color': 'white'}, '\\u0022\\u002e\\n\\u0022\\u0024\\u8021\\u0024\\u802d\\u0024\\u802f\\n\\u0022\\u0031\\u0024\\u0031\\u0024\\u0031\\u0024\\n\\u0022\\u0024\\u8031\\u0024\\u8033\\u0031\\u0024\\u0022\\u0022\\u0024\\u0024\\u8037\\n\\u0022\\u0031\\u0024\\u0031\\u0024\\u0031\\u0024\\u0022\\u0022\\u0031\\u0024\\n\\n\\n'], {'text': '\\n- x1 Astral Powder\\n- x1 Purple Crystal\\n- x1 Yellow Crystal\\n- x1 Green Crystal\\n- x1 Cyan Crystal', 'color': 'gray'}]}, 'clickEvent': {'action': 'change_page', 'value': '17'}}]",
                    "[{'text': '', 'font': 'tribe_civilization:manual', 'color': 'white'}, {'text': 'Yellow Crystal\\n', 'font': 'minecraft:default', 'color': 'black', 'underlined': True}, '\\u0022\\u0029\\n\\u0022', {'text': '\\u0024\\u802d', 'hoverEvent': {'action': 'show_item', 'contents': {'id': 'command_block', 'components': {'item_name': '{\"text\": \"Purple Crystal\", \"italic\": false, \"color\": \"white\"}', 'lore': ['[\"\", {\"text\": \"I\", \"color\": \"white\", \"italic\": false, \"font\": \"tribe_civilization:icons\"}, {\"text\": \" Tribe Civilization\", \"italic\": true, \"color\": \"blue\"}]']}}}, 'clickEvent': {'action': 'change_page', 'value': '12'}}, {'text': '\\u0024\\u8031\\n', 'hoverEvent': {'action': 'show_item', 'contents': {'id': 'command_block', 'components': {'item_name': '{\"text\": \"Green Crystal\", \"italic\": false, \"color\": \"white\"}', 'lore': ['[\"\", {\"text\": \"I\", \"color\": \"white\", \"italic\": false, \"font\": \"tribe_civilization:icons\"}, {\"text\": \" Tribe Civilization\", \"italic\": true, \"color\": \"blue\"}]']}}}, 'clickEvent': {'action': 'change_page', 'value': '14'}}, '\\u0022', {'text': '\\u0031\\u0024', 'hoverEvent': {'action': 'show_item', 'contents': {'id': 'command_block', 'components': {'item_name': '{\"text\": \"Purple Crystal\", \"italic\": false, \"color\": \"white\"}', 'lore': ['[\"\", {\"text\": \"I\", \"color\": \"white\", \"italic\": false, \"font\": \"tribe_civilization:icons\"}, {\"text\": \" Tribe Civilization\", \"italic\": true, \"color\": \"blue\"}]']}}}, 'clickEvent': {'action': 'change_page', 'value': '12'}}, {'text': '\\u0031\\u0024', 'hoverEvent': {'action': 'show_item', 'contents': {'id': 'command_block', 'components': {'item_name': '{\"text\": \"Green Crystal\", \"italic\": false, \"color\": \"white\"}', 'lore': ['[\"\", {\"text\": \"I\", \"color\": \"white\", \"italic\": false, \"font\": \"tribe_civilization:icons\"}, {\"text\": \" Tribe Civilization\", \"italic\": true, \"color\": \"blue\"}]']}}}, 'clickEvent': {'action': 'change_page', 'value': '14'}}, '\\u0031\\u0024', {'text': '\\u0024\\u0024\\u802f\\n', 'hoverEvent': {'action': 'show_item', 'contents': {'id': 'command_block', 'components': {'item_name': '{\"text\": \"Yellow Crystal\", \"italic\": false, \"color\": \"white\"}', 'lore': ['[\"\", {\"text\": \"I\", \"color\": \"white\", \"italic\": false, \"font\": \"tribe_civilization:icons\"}, {\"text\": \" Tribe Civilization\", \"italic\": true, \"color\": \"blue\"}]']}}}}, '\\u0022', {'text': '\\u0024\\u8033', 'hoverEvent': {'action': 'show_item', 'contents': {'id': 'command_block', 'components': {'item_name': '{\"text\": \"Cyan Crystal\", \"italic\": false, \"color\": \"white\"}', 'lore': ['[\"\", {\"text\": \"I\", \"color\": \"white\", \"italic\": false, \"font\": \"tribe_civilization:icons\"}, {\"text\": \" Tribe Civilization\", \"italic\": true, \"color\": \"blue\"}]']}}}, 'clickEvent': {'action': 'change_page', 'value': '15'}}, '\\u0031\\u0024\\u0031\\u0024', {'text': '\\u0031\\u0024\\n', 'hoverEvent': {'action': 'show_item', 'contents': {'id': 'command_block', 'components': {'item_name': '{\"text\": \"Yellow Crystal\", \"italic\": false, \"color\": \"white\"}', 'lore': ['[\"\", {\"text\": \"I\", \"color\": \"white\", \"italic\": false, \"font\": \"tribe_civilization:icons\"}, {\"text\": \" Tribe Civilization\", \"italic\": true, \"color\": \"blue\"}]']}}}}, '\\u0022', {'text': '\\u0031\\u0024\\n\\n', 'hoverEvent': {'action': 'show_item', 'contents': {'id': 'command_block', 'components': {'item_name': '{\"text\": \"Cyan Crystal\", \"italic\": false, \"color\": \"white\"}', 'lore': ['[\"\", {\"text\": \"I\", \"color\": \"white\", \"italic\": false, \"font\": \"tribe_civilization:icons\"}, {\"text\": \" Tribe Civilization\", \"italic\": true, \"color\": \"blue\"}]']}}}, 'clickEvent': {'action': 'change_page', 'value': '15'}}, {'text': '\\u0026\\u0023\\u0023', 'hoverEvent': {'action': 'show_text', 'contents': {'text': 'Lors de la mort du survivant de la m\u00eame couleur, ce crystal est dropp\u00e9.'}}}, {'text': '\\u0027\\u0023\\u0023', 'hoverEvent': {'action': 'show_text', 'contents': [{'text': ''}, [{'text': '', 'font': 'tribe_civilization:manual', 'color': 'white'}, '\\u0022\\u002d\\n\\u0022\\u0024\\u802d\\u0024\\u8031\\n\\u0022\\u0031\\u0024\\u0031\\u0024\\u0031\\u0024\\u0024\\u0024\\u802f\\n\\u0022\\u0024\\u8033\\u0031\\u0024\\u0031\\u0024\\u0031\\u0024\\n\\u0022\\u0031\\u0024\\n'], {'text': '\\n- x1 Purple Crystal\\n- x1 Green Crystal\\n- x1 Cyan Crystal', 'color': 'gray'}]}}, {'text': '\\u8097\\u0023\\u0023', 'hoverEvent': {'action': 'show_text', 'contents': [{'text': ''}, [{'text': '', 'font': 'tribe_civilization:manual', 'color': 'white'}, '\\u0022\\u002d\\n\\u0022\\u0024\\u802f\\u0024\\u8031\\n\\u0022\\u0031\\u0024\\u0031\\u0024\\u0031\\u0024\\u0024\\u0024\\u802d\\n\\u0022\\u0024\\u8033\\u0031\\u0024\\u0031\\u0024\\u0031\\u0024\\n\\u0022\\u0031\\u0024\\n'], {'text': '\\n- x1 Yellow Crystal\\n- x1 Green Crystal\\n- x1 Cyan Crystal', 'color': 'gray'}]}, 'clickEvent': {'action': 'change_page', 'value': '12'}}, {'text': '\\u809c\\u0023\\u0023', 'hoverEvent': {'action': 'show_text', 'contents': [{'text': ''}, [{'text': '', 'font': 'tribe_civilization:manual', 'color': 'white'}, '\\u0022\\u002d\\n\\u0022\\u0024\\u802d\\u0024\\u802f\\n\\u0022\\u0031\\u0024\\u0031\\u0024\\u0031\\u0024\\u0024\\u0024\\u8031\\n\\u0022\\u0024\\u8033\\u0031\\u0024\\u0031\\u0024\\u0031\\u0024\\n\\u0022\\u0031\\u0024\\n'], {'text': '\\n- x1 Purple Crystal\\n- x1 Yellow Crystal\\n- x1 Cyan Crystal', 'color': 'gray'}]}, 'clickEvent': {'action': 'change_page', 'value': '14'}}, {'text': '\\u80a1\\n', 'hoverEvent': {'action': 'show_text', 'contents': [{'text': ''}, [{'text': '', 'font': 'tribe_civilization:manual', 'color': 'white'}, '\\u0022\\u002d\\n\\u0022\\u0024\\u802d\\u0024\\u802f\\n\\u0022\\u0031\\u0024\\u0031\\u0024\\u0031\\u0024\\u0024\\u0024\\u8033\\n\\u0022\\u0024\\u8031\\u0031\\u0024\\u0031\\u0024\\u0031\\u0024\\n\\u0022\\u0031\\u0024\\n'], {'text': '\\n- x1 Purple Crystal\\n- x1 Yellow Crystal\\n- x1 Green Crystal', 'color': 'gray'}]}, 'clickEvent': {'action': 'change_page', 'value': '15'}}, {'text': '\\u0025\\u0023\\u0023', 'hoverEvent': {'action': 'show_text', 'contents': {'text': 'Lors de la mort du survivant de la m\u00eame couleur, ce crystal est dropp\u00e9.'}}}, {'text': '\\u0025\\u0023\\u0023', 'hoverEvent': {'action': 'show_text', 'contents': [{'text': ''}, [{'text': '', 'font': 'tribe_civilization:manual', 'color': 'white'}, '\\u0022\\u002d\\n\\u0022\\u0024\\u802d\\u0024\\u8031\\n\\u0022\\u0031\\u0024\\u0031\\u0024\\u0031\\u0024\\u0024\\u0024\\u802f\\n\\u0022\\u0024\\u8033\\u0031\\u0024\\u0031\\u0024\\u0031\\u0024\\n\\u0022\\u0031\\u0024\\n'], {'text': '\\n- x1 Purple Crystal\\n- x1 Green Crystal\\n- x1 Cyan Crystal', 'color': 'gray'}]}}, {'text': '\\u0025\\u0023\\u0023', 'hoverEvent': {'action': 'show_text', 'contents': [{'text': ''}, [{'text': '', 'font': 'tribe_civilization:manual', 'color': 'white'}, '\\u0022\\u002d\\n\\u0022\\u0024\\u802f\\u0024\\u8031\\n\\u0022\\u0031\\u0024\\u0031\\u0024\\u0031\\u0024\\u0024\\u0024\\u802d\\n\\u0022\\u0024\\u8033\\u0031\\u0024\\u0031\\u0024\\u0031\\u0024\\n\\u0022\\u0031\\u0024\\n'], {'text': '\\n- x1 Yellow Crystal\\n- x1 Green Crystal\\n- x1 Cyan Crystal', 'color': 'gray'}]}, 'clickEvent': {'action': 'change_page', 'value': '12'}}, {'text': '\\u0025\\u0023\\u0023', 'hoverEvent': {'action': 'show_text', 'contents': [{'text': ''}, [{'text': '', 'font': 'tribe_civilization:manual', 'color': 'white'}, '\\u0022\\u002d\\n\\u0022\\u0024\\u802d\\u0024\\u802f\\n\\u0022\\u0031\\u0024\\u0031\\u0024\\u0031\\u0024\\u0024\\u0024\\u8031\\n\\u0022\\u0024\\u8033\\u0031\\u0024\\u0031\\u0024\\u0031\\u0024\\n\\u0022\\u0031\\u0024\\n'], {'text': '\\n- x1 Purple Crystal\\n- x1 Yellow Crystal\\n- x1 Cyan Crystal', 'color': 'gray'}]}, 'clickEvent': {'action': 'change_page', 'value': '14'}}, {'text': '\\u0025\\n', 'hoverEvent': {'action': 'show_text', 'contents': [{'text': ''}, [{'text': '', 'font': 'tribe_civilization:manual', 'color': 'white'}, '\\u0022\\u002d\\n\\u0022\\u0024\\u802d\\u0024\\u802f\\n\\u0022\\u0031\\u0024\\u0031\\u0024\\u0031\\u0024\\u0024\\u0024\\u8033\\n\\u0022\\u0024\\u8031\\u0031\\u0024\\u0031\\u0024\\u0031\\u0024\\n\\u0022\\u0031\\u0024\\n'], {'text': '\\n- x1 Purple Crystal\\n- x1 Yellow Crystal\\n- x1 Green Crystal', 'color': 'gray'}]}, 'clickEvent': {'action': 'change_page', 'value': '15'}}, {'text': '\\u80a8\\u0023\\u0023', 'hoverEvent': {'action': 'show_text', 'contents': [{'text': ''}, [{'text': '', 'font': 'tribe_civilization:manual', 'color': 'white'}, '\\u0022\\u002e\\n\\u0022\\u0024\\u8021\\u0024\\u802d\\u0024\\u802f\\n\\u0022\\u0031\\u0024\\u0031\\u0024\\u0031\\u0024\\n\\u0022\\u0024\\u8031\\u0024\\u8033\\u0031\\u0024\\u0022\\u0022\\u0024\\u0024\\u8037\\n\\u0022\\u0031\\u0024\\u0031\\u0024\\u0031\\u0024\\u0022\\u0022\\u0031\\u0024\\n\\n\\n'], {'text': '\\n- x1 Astral Powder\\n- x1 Purple Crystal\\n- x1 Yellow Crystal\\n- x1 Green Crystal\\n- x1 Cyan Crystal', 'color': 'gray'}]}, 'clickEvent': {'action': 'change_page', 'value': '17'}}]",
                    "[{'text': '', 'font': 'tribe_civilization:manual', 'color': 'white'}, {'text': 'Green Crystal\\n', 'font': 'minecraft:default', 'color': 'black', 'underlined': True}, '\\u0022\\u0029\\n\\u0022', {'text': '\\u0024\\u802d', 'hoverEvent': {'action': 'show_item', 'contents': {'id': 'command_block', 'components': {'item_name': '{\"text\": \"Purple Crystal\", \"italic\": false, \"color\": \"white\"}', 'lore': ['[\"\", {\"text\": \"I\", \"color\": \"white\", \"italic\": false, \"font\": \"tribe_civilization:icons\"}, {\"text\": \" Tribe Civilization\", \"italic\": true, \"color\": \"blue\"}]']}}}, 'clickEvent': {'action': 'change_page', 'value': '12'}}, {'text': '\\u0024\\u802f\\n', 'hoverEvent': {'action': 'show_item', 'contents': {'id': 'command_block', 'components': {'item_name': '{\"text\": \"Yellow Crystal\", \"italic\": false, \"color\": \"white\"}', 'lore': ['[\"\", {\"text\": \"I\", \"color\": \"white\", \"italic\": false, \"font\": \"tribe_civilization:icons\"}, {\"text\": \" Tribe Civilization\", \"italic\": true, \"color\": \"blue\"}]']}}}, 'clickEvent': {'action': 'change_page', 'value': '13'}}, '\\u0022', {'text': '\\u0031\\u0024', 'hoverEvent': {'action': 'show_item', 'contents': {'id': 'command_block', 'components': {'item_name': '{\"text\": \"Purple Crystal\", \"italic\": false, \"color\": \"white\"}', 'lore': ['[\"\", {\"text\": \"I\", \"color\": \"white\", \"italic\": false, \"font\": \"tribe_civilization:icons\"}, {\"text\": \" Tribe Civilization\", \"italic\": true, \"color\": \"blue\"}]']}}}, 'clickEvent': {'action': 'change_page', 'value': '12'}}, {'text': '\\u0031\\u0024', 'hoverEvent': {'action': 'show_item', 'contents': {'id': 'command_block', 'components': {'item_name': '{\"text\": \"Yellow Crystal\", \"italic\": false, \"color\": \"white\"}', 'lore': ['[\"\", {\"text\": \"I\", \"color\": \"white\", \"italic\": false, \"font\": \"tribe_civilization:icons\"}, {\"text\": \" Tribe Civilization\", \"italic\": true, \"color\": \"blue\"}]']}}}, 'clickEvent': {'action': 'change_page', 'value': '13'}}, '\\u0031\\u0024', {'text': '\\u0024\\u0024\\u8031\\n', 'hoverEvent': {'action': 'show_item', 'contents': {'id': 'command_block', 'components': {'item_name': '{\"text\": \"Green Crystal\", \"italic\": false, \"color\": \"white\"}', 'lore': ['[\"\", {\"text\": \"I\", \"color\": \"white\", \"italic\": false, \"font\": \"tribe_civilization:icons\"}, {\"text\": \" Tribe Civilization\", \"italic\": true, \"color\": \"blue\"}]']}}}}, '\\u0022', {'text': '\\u0024\\u8033', 'hoverEvent': {'action': 'show_item', 'contents': {'id': 'command_block', 'components': {'item_name': '{\"text\": \"Cyan Crystal\", \"italic\": false, \"color\": \"white\"}', 'lore': ['[\"\", {\"text\": \"I\", \"color\": \"white\", \"italic\": false, \"font\": \"tribe_civilization:icons\"}, {\"text\": \" Tribe Civilization\", \"italic\": true, \"color\": \"blue\"}]']}}}, 'clickEvent': {'action': 'change_page', 'value': '15'}}, '\\u0031\\u0024\\u0031\\u0024', {'text': '\\u0031\\u0024\\n', 'hoverEvent': {'action': 'show_item', 'contents': {'id': 'command_block', 'components': {'item_name': '{\"text\": \"Green Crystal\", \"italic\": false, \"color\": \"white\"}', 'lore': ['[\"\", {\"text\": \"I\", \"color\": \"white\", \"italic\": false, \"font\": \"tribe_civilization:icons\"}, {\"text\": \" Tribe Civilization\", \"italic\": true, \"color\": \"blue\"}]']}}}}, '\\u0022', {'text': '\\u0031\\u0024\\n\\n', 'hoverEvent': {'action': 'show_item', 'contents': {'id': 'command_block', 'components': {'item_name': '{\"text\": \"Cyan Crystal\", \"italic\": false, \"color\": \"white\"}', 'lore': ['[\"\", {\"text\": \"I\", \"color\": \"white\", \"italic\": false, \"font\": \"tribe_civilization:icons\"}, {\"text\": \" Tribe Civilization\", \"italic\": true, \"color\": \"blue\"}]']}}}, 'clickEvent': {'action': 'change_page', 'value': '15'}}, {'text': '\\u0026\\u0023\\u0023', 'hoverEvent': {'action': 'show_text', 'contents': {'text': 'Lors de la mort du survivant de la m\u00eame couleur, ce crystal est dropp\u00e9.'}}}, {'text': '\\u0027\\u0023\\u0023', 'hoverEvent': {'action': 'show_text', 'contents': [{'text': ''}, [{'text': '', 'font': 'tribe_civilization:manual', 'color': 'white'}, '\\u0022\\u002d\\n\\u0022\\u0024\\u802d\\u0024\\u802f\\n\\u0022\\u0031\\u0024\\u0031\\u0024\\u0031\\u0024\\u0024\\u0024\\u8031\\n\\u0022\\u0024\\u8033\\u0031\\u0024\\u0031\\u0024\\u0031\\u0024\\n\\u0022\\u0031\\u0024\\n'], {'text': '\\n- x1 Purple Crystal\\n- x1 Yellow Crystal\\n- x1 Cyan Crystal', 'color': 'gray'}]}}, {'text': '\\u80b5\\u0023\\u0023', 'hoverEvent': {'action': 'show_text', 'contents': [{'text': ''}, [{'text': '', 'font': 'tribe_civilization:manual', 'color': 'white'}, '\\u0022\\u002d\\n\\u0022\\u0024\\u802f\\u0024\\u8031\\n\\u0022\\u0031\\u0024\\u0031\\u0024\\u0031\\u0024\\u0024\\u0024\\u802d\\n\\u0022\\u0024\\u8033\\u0031\\u0024\\u0031\\u0024\\u0031\\u0024\\n\\u0022\\u0031\\u0024\\n'], {'text': '\\n- x1 Yellow Crystal\\n- x1 Green Crystal\\n- x1 Cyan Crystal', 'color': 'gray'}]}, 'clickEvent': {'action': 'change_page', 'value': '12'}}, {'text': '\\u80ba\\u0023\\u0023', 'hoverEvent': {'action': 'show_text', 'contents': [{'text': ''}, [{'text': '', 'font': 'tribe_civilization:manual', 'color': 'white'}, '\\u0022\\u002d\\n\\u0022\\u0024\\u802d\\u0024\\u8031\\n\\u0022\\u0031\\u0024\\u0031\\u0024\\u0031\\u0024\\u0024\\u0024\\u802f\\n\\u0022\\u0024\\u8033\\u0031\\u0024\\u0031\\u0024\\u0031\\u0024\\n\\u0022\\u0031\\u0024\\n'], {'text': '\\n- x1 Purple Crystal\\n- x1 Green Crystal\\n- x1 Cyan Crystal', 'color': 'gray'}]}, 'clickEvent': {'action': 'change_page', 'value': '13'}}, {'text': '\\u80bf\\n', 'hoverEvent': {'action': 'show_text', 'contents': [{'text': ''}, [{'text': '', 'font': 'tribe_civilization:manual', 'color': 'white'}, '\\u0022\\u002d\\n\\u0022\\u0024\\u802d\\u0024\\u802f\\n\\u0022\\u0031\\u0024\\u0031\\u0024\\u0031\\u0024\\u0024\\u0024\\u8033\\n\\u0022\\u0024\\u8031\\u0031\\u0024\\u0031\\u0024\\u0031\\u0024\\n\\u0022\\u0031\\u0024\\n'], {'text': '\\n- x1 Purple Crystal\\n- x1 Yellow Crystal\\n- x1 Green Crystal', 'color': 'gray'}]}, 'clickEvent': {'action': 'change_page', 'value': '15'}}, {'text': '\\u0025\\u0023\\u0023', 'hoverEvent': {'action': 'show_text', 'contents': {'text': 'Lors de la mort du survivant de la m\u00eame couleur, ce crystal est dropp\u00e9.'}}}, {'text': '\\u0025\\u0023\\u0023', 'hoverEvent': {'action': 'show_text', 'contents': [{'text': ''}, [{'text': '', 'font': 'tribe_civilization:manual', 'color': 'white'}, '\\u0022\\u002d\\n\\u0022\\u0024\\u802d\\u0024\\u802f\\n\\u0022\\u0031\\u0024\\u0031\\u0024\\u0031\\u0024\\u0024\\u0024\\u8031\\n\\u0022\\u0024\\u8033\\u0031\\u0024\\u0031\\u0024\\u0031\\u0024\\n\\u0022\\u0031\\u0024\\n'], {'text': '\\n- x1 Purple Crystal\\n- x1 Yellow Crystal\\n- x1 Cyan Crystal', 'color': 'gray'}]}}, {'text': '\\u0025\\u0023\\u0023', 'hoverEvent': {'action': 'show_text', 'contents': [{'text': ''}, [{'text': '', 'font': 'tribe_civilization:manual', 'color': 'white'}, '\\u0022\\u002d\\n\\u0022\\u0024\\u802f\\u0024\\u8031\\n\\u0022\\u0031\\u0024\\u0031\\u0024\\u0031\\u0024\\u0024\\u0024\\u802d\\n\\u0022\\u0024\\u8033\\u0031\\u0024\\u0031\\u0024\\u0031\\u0024\\n\\u0022\\u0031\\u0024\\n'], {'text': '\\n- x1 Yellow Crystal\\n- x1 Green Crystal\\n- x1 Cyan Crystal', 'color': 'gray'}]}, 'clickEvent': {'action': 'change_page', 'value': '12'}}, {'text': '\\u0025\\u0023\\u0023', 'hoverEvent': {'action': 'show_text', 'contents': [{'text': ''}, [{'text': '', 'font': 'tribe_civilization:manual', 'color': 'white'}, '\\u0022\\u002d\\n\\u0022\\u0024\\u802d\\u0024\\u8031\\n\\u0022\\u0031\\u0024\\u0031\\u0024\\u0031\\u0024\\u0024\\u0024\\u802f\\n\\u0022\\u0024\\u8033\\u0031\\u0024\\u0031\\u0024\\u0031\\u0024\\n\\u0022\\u0031\\u0024\\n'], {'text': '\\n- x1 Purple Crystal\\n- x1 Green Crystal\\n- x1 Cyan Crystal', 'color': 'gray'}]}, 'clickEvent': {'action': 'change_page', 'value': '13'}}, {'text': '\\u0025\\n', 'hoverEvent': {'action': 'show_text', 'contents': [{'text': ''}, [{'text': '', 'font': 'tribe_civilization:manual', 'color': 'white'}, '\\u0022\\u002d\\n\\u0022\\u0024\\u802d\\u0024\\u802f\\n\\u0022\\u0031\\u0024\\u0031\\u0024\\u0031\\u0024\\u0024\\u0024\\u8033\\n\\u0022\\u0024\\u8031\\u0031\\u0024\\u0031\\u0024\\u0031\\u0024\\n\\u0022\\u0031\\u0024\\n'], {'text': '\\n- x1 Purple Crystal\\n- x1 Yellow Crystal\\n- x1 Green Crystal', 'color': 'gray'}]}, 'clickEvent': {'action': 'change_page', 'value': '15'}}, {'text': '\\u80c6\\u0023\\u0023', 'hoverEvent': {'action': 'show_text', 'contents': [{'text': ''}, [{'text': '', 'font': 'tribe_civilization:manual', 'color': 'white'}, '\\u0022\\u002e\\n\\u0022\\u0024\\u8021\\u0024\\u802d\\u0024\\u802f\\n\\u0022\\u0031\\u0024\\u0031\\u0024\\u0031\\u0024\\n\\u0022\\u0024\\u8031\\u0024\\u8033\\u0031\\u0024\\u0022\\u0022\\u0024\\u0024\\u8037\\n\\u0022\\u0031\\u0024\\u0031\\u0024\\u0031\\u0024\\u0022\\u0022\\u0031\\u0024\\n\\n\\n'], {'text': '\\n- x1 Astral Powder\\n- x1 Purple Crystal\\n- x1 Yellow Crystal\\n- x1 Green Crystal\\n- x1 Cyan Crystal', 'color': 'gray'}]}, 'clickEvent': {'action': 'change_page', 'value': '17'}}]",
                    "[{'text': '', 'font': 'tribe_civilization:manual', 'color': 'white'}, {'text': 'Cyan Crystal\\n', 'font': 'minecraft:default', 'color': 'black', 'underlined': True}, '\\u0022\\u0029\\n\\u0022', {'text': '\\u0024\\u802d', 'hoverEvent': {'action': 'show_item', 'contents': {'id': 'command_block', 'components': {'item_name': '{\"text\": \"Purple Crystal\", \"italic\": false, \"color\": \"white\"}', 'lore': ['[\"\", {\"text\": \"I\", \"color\": \"white\", \"italic\": false, \"font\": \"tribe_civilization:icons\"}, {\"text\": \" Tribe Civilization\", \"italic\": true, \"color\": \"blue\"}]']}}}, 'clickEvent': {'action': 'change_page', 'value': '12'}}, {'text': '\\u0024\\u802f\\n', 'hoverEvent': {'action': 'show_item', 'contents': {'id': 'command_block', 'components': {'item_name': '{\"text\": \"Yellow Crystal\", \"italic\": false, \"color\": \"white\"}', 'lore': ['[\"\", {\"text\": \"I\", \"color\": \"white\", \"italic\": false, \"font\": \"tribe_civilization:icons\"}, {\"text\": \" Tribe Civilization\", \"italic\": true, \"color\": \"blue\"}]']}}}, 'clickEvent': {'action': 'change_page', 'value': '13'}}, '\\u0022', {'text': '\\u0031\\u0024', 'hoverEvent': {'action': 'show_item', 'contents': {'id': 'command_block', 'components': {'item_name': '{\"text\": \"Purple Crystal\", \"italic\": false, \"color\": \"white\"}', 'lore': ['[\"\", {\"text\": \"I\", \"color\": \"white\", \"italic\": false, \"font\": \"tribe_civilization:icons\"}, {\"text\": \" Tribe Civilization\", \"italic\": true, \"color\": \"blue\"}]']}}}, 'clickEvent': {'action': 'change_page', 'value': '12'}}, {'text': '\\u0031\\u0024', 'hoverEvent': {'action': 'show_item', 'contents': {'id': 'command_block', 'components': {'item_name': '{\"text\": \"Yellow Crystal\", \"italic\": false, \"color\": \"white\"}', 'lore': ['[\"\", {\"text\": \"I\", \"color\": \"white\", \"italic\": false, \"font\": \"tribe_civilization:icons\"}, {\"text\": \" Tribe Civilization\", \"italic\": true, \"color\": \"blue\"}]']}}}, 'clickEvent': {'action': 'change_page', 'value': '13'}}, '\\u0031\\u0024', {'text': '\\u0024\\u0024\\u8033\\n', 'hoverEvent': {'action': 'show_item', 'contents': {'id': 'command_block', 'components': {'item_name': '{\"text\": \"Cyan Crystal\", \"italic\": false, \"color\": \"white\"}', 'lore': ['[\"\", {\"text\": \"I\", \"color\": \"white\", \"italic\": false, \"font\": \"tribe_civilization:icons\"}, {\"text\": \" Tribe Civilization\", \"italic\": true, \"color\": \"blue\"}]']}}}}, '\\u0022', {'text': '\\u0024\\u8031', 'hoverEvent': {'action': 'show_item', 'contents': {'id': 'command_block', 'components': {'item_name': '{\"text\": \"Green Crystal\", \"italic\": false, \"color\": \"white\"}', 'lore': ['[\"\", {\"text\": \"I\", \"color\": \"white\", \"italic\": false, \"font\": \"tribe_civilization:icons\"}, {\"text\": \" Tribe Civilization\", \"italic\": true, \"color\": \"blue\"}]']}}}, 'clickEvent': {'action': 'change_page', 'value': '14'}}, '\\u0031\\u0024\\u0031\\u0024', {'text': '\\u0031\\u0024\\n', 'hoverEvent': {'action': 'show_item', 'contents': {'id': 'command_block', 'components': {'item_name': '{\"text\": \"Cyan Crystal\", \"italic\": false, \"color\": \"white\"}', 'lore': ['[\"\", {\"text\": \"I\", \"color\": \"white\", \"italic\": false, \"font\": \"tribe_civilization:icons\"}, {\"text\": \" Tribe Civilization\", \"italic\": true, \"color\": \"blue\"}]']}}}}, '\\u0022', {'text': '\\u0031\\u0024\\n\\n', 'hoverEvent': {'action': 'show_item', 'contents': {'id': 'command_block', 'components': {'item_name': '{\"text\": \"Green Crystal\", \"italic\": false, \"color\": \"white\"}', 'lore': ['[\"\", {\"text\": \"I\", \"color\": \"white\", \"italic\": false, \"font\": \"tribe_civilization:icons\"}, {\"text\": \" Tribe Civilization\", \"italic\": true, \"color\": \"blue\"}]']}}}, 'clickEvent': {'action': 'change_page', 'value': '14'}}, {'text': '\\u0026\\u0023\\u0023', 'hoverEvent': {'action': 'show_text', 'contents': {'text': 'Lors de la mort du survivant de la m\u00eame couleur, ce crystal est dropp\u00e9.'}}}, {'text': '\\u0027\\u0023\\u0023', 'hoverEvent': {'action': 'show_text', 'contents': [{'text': ''}, [{'text': '', 'font': 'tribe_civilization:manual', 'color': 'white'}, '\\u0022\\u002d\\n\\u0022\\u0024\\u802d\\u0024\\u802f\\n\\u0022\\u0031\\u0024\\u0031\\u0024\\u0031\\u0024\\u0024\\u0024\\u8033\\n\\u0022\\u0024\\u8031\\u0031\\u0024\\u0031\\u0024\\u0031\\u0024\\n\\u0022\\u0031\\u0024\\n'], {'text': '\\n- x1 Purple Crystal\\n- x1 Yellow Crystal\\n- x1 Green Crystal', 'color': 'gray'}]}}, {'text': '\\u80d3\\u0023\\u0023', 'hoverEvent': {'action': 'show_text', 'contents': [{'text': ''}, [{'text': '', 'font': 'tribe_civilization:manual', 'color': 'white'}, '\\u0022\\u002d\\n\\u0022\\u0024\\u802f\\u0024\\u8031\\n\\u0022\\u0031\\u0024\\u0031\\u0024\\u0031\\u0024\\u0024\\u0024\\u802d\\n\\u0022\\u0024\\u8033\\u0031\\u0024\\u0031\\u0024\\u0031\\u0024\\n\\u0022\\u0031\\u0024\\n'], {'text': '\\n- x1 Yellow Crystal\\n- x1 Green Crystal\\n- x1 Cyan Crystal', 'color': 'gray'}]}, 'clickEvent': {'action': 'change_page', 'value': '12'}}, {'text': '\\u80d8\\u0023\\u0023', 'hoverEvent': {'action': 'show_text', 'contents': [{'text': ''}, [{'text': '', 'font': 'tribe_civilization:manual', 'color': 'white'}, '\\u0022\\u002d\\n\\u0022\\u0024\\u802d\\u0024\\u8031\\n\\u0022\\u0031\\u0024\\u0031\\u0024\\u0031\\u0024\\u0024\\u0024\\u802f\\n\\u0022\\u0024\\u8033\\u0031\\u0024\\u0031\\u0024\\u0031\\u0024\\n\\u0022\\u0031\\u0024\\n'], {'text': '\\n- x1 Purple Crystal\\n- x1 Green Crystal\\n- x1 Cyan Crystal', 'color': 'gray'}]}, 'clickEvent': {'action': 'change_page', 'value': '13'}}, {'text': '\\u80dd\\n', 'hoverEvent': {'action': 'show_text', 'contents': [{'text': ''}, [{'text': '', 'font': 'tribe_civilization:manual', 'color': 'white'}, '\\u0022\\u002d\\n\\u0022\\u0024\\u802d\\u0024\\u802f\\n\\u0022\\u0031\\u0024\\u0031\\u0024\\u0031\\u0024\\u0024\\u0024\\u8031\\n\\u0022\\u0024\\u8033\\u0031\\u0024\\u0031\\u0024\\u0031\\u0024\\n\\u0022\\u0031\\u0024\\n'], {'text': '\\n- x1 Purple Crystal\\n- x1 Yellow Crystal\\n- x1 Cyan Crystal', 'color': 'gray'}]}, 'clickEvent': {'action': 'change_page', 'value': '14'}}, {'text': '\\u0025\\u0023\\u0023', 'hoverEvent': {'action': 'show_text', 'contents': {'text': 'Lors de la mort du survivant de la m\u00eame couleur, ce crystal est dropp\u00e9.'}}}, {'text': '\\u0025\\u0023\\u0023', 'hoverEvent': {'action': 'show_text', 'contents': [{'text': ''}, [{'text': '', 'font': 'tribe_civilization:manual', 'color': 'white'}, '\\u0022\\u002d\\n\\u0022\\u0024\\u802d\\u0024\\u802f\\n\\u0022\\u0031\\u0024\\u0031\\u0024\\u0031\\u0024\\u0024\\u0024\\u8033\\n\\u0022\\u0024\\u8031\\u0031\\u0024\\u0031\\u0024\\u0031\\u0024\\n\\u0022\\u0031\\u0024\\n'], {'text': '\\n- x1 Purple Crystal\\n- x1 Yellow Crystal\\n- x1 Green Crystal', 'color': 'gray'}]}}, {'text': '\\u0025\\u0023\\u0023', 'hoverEvent': {'action': 'show_text', 'contents': [{'text': ''}, [{'text': '', 'font': 'tribe_civilization:manual', 'color': 'white'}, '\\u0022\\u002d\\n\\u0022\\u0024\\u802f\\u0024\\u8031\\n\\u0022\\u0031\\u0024\\u0031\\u0024\\u0031\\u0024\\u0024\\u0024\\u802d\\n\\u0022\\u0024\\u8033\\u0031\\u0024\\u0031\\u0024\\u0031\\u0024\\n\\u0022\\u0031\\u0024\\n'], {'text': '\\n- x1 Yellow Crystal\\n- x1 Green Crystal\\n- x1 Cyan Crystal', 'color': 'gray'}]}, 'clickEvent': {'action': 'change_page', 'value': '12'}}, {'text': '\\u0025\\u0023\\u0023', 'hoverEvent': {'action': 'show_text', 'contents': [{'text': ''}, [{'text': '', 'font': 'tribe_civilization:manual', 'color': 'white'}, '\\u0022\\u002d\\n\\u0022\\u0024\\u802d\\u0024\\u8031\\n\\u0022\\u0031\\u0024\\u0031\\u0024\\u0031\\u0024\\u0024\\u0024\\u802f\\n\\u0022\\u0024\\u8033\\u0031\\u0024\\u0031\\u0024\\u0031\\u0024\\n\\u0022\\u0031\\u0024\\n'], {'text': '\\n- x1 Purple Crystal\\n- x1 Green Crystal\\n- x1 Cyan Crystal', 'color': 'gray'}]}, 'clickEvent': {'action': 'change_page', 'value': '13'}}, {'text': '\\u0025\\n', 'hoverEvent': {'action': 'show_text', 'contents': [{'text': ''}, [{'text': '', 'font': 'tribe_civilization:manual', 'color': 'white'}, '\\u0022\\u002d\\n\\u0022\\u0024\\u802d\\u0024\\u802f\\n\\u0022\\u0031\\u0024\\u0031\\u0024\\u0031\\u0024\\u0024\\u0024\\u8031\\n\\u0022\\u0024\\u8033\\u0031\\u0024\\u0031\\u0024\\u0031\\u0024\\n\\u0022\\u0031\\u0024\\n'], {'text': '\\n- x1 Purple Crystal\\n- x1 Yellow Crystal\\n- x1 Cyan Crystal', 'color': 'gray'}]}, 'clickEvent': {'action': 'change_page', 'value': '14'}}, {'text': '\\u80e4\\u0023\\u0023', 'hoverEvent': {'action': 'show_text', 'contents': [{'text': ''}, [{'text': '', 'font': 'tribe_civilization:manual', 'color': 'white'}, '\\u0022\\u002e\\n\\u0022\\u0024\\u8021\\u0024\\u802d\\u0024\\u802f\\n\\u0022\\u0031\\u0024\\u0031\\u0024\\u0031\\u0024\\n\\u0022\\u0024\\u8031\\u0024\\u8033\\u0031\\u0024\\u0022\\u0022\\u0024\\u0024\\u8037\\n\\u0022\\u0031\\u0024\\u0031\\u0024\\u0031\\u0024\\u0022\\u0022\\u0031\\u0024\\n\\n\\n'], {'text': '\\n- x1 Astral Powder\\n- x1 Purple Crystal\\n- x1 Yellow Crystal\\n- x1 Green Crystal\\n- x1 Cyan Crystal', 'color': 'gray'}]}, 'clickEvent': {'action': 'change_page', 'value': '17'}}]",
                    "[{'text': '', 'font': 'tribe_civilization:manual', 'color': 'white'}, {'text': 'Gold Fish\\n', 'font': 'minecraft:default', 'color': 'black', 'underlined': True}, '\\u0022\\u002a\\n\\u0022', {'text': '\\u0024\\u80e6\\u0024\\u80e6\\u0024\\u80e6\\n', 'hoverEvent': {'action': 'show_item', 'contents': {'id': 'minecraft:gold_nugget'}}}, '\\u0022', {'text': '\\u0031\\u0024\\u0031\\u0024\\u0031\\u0024\\n', 'hoverEvent': {'action': 'show_item', 'contents': {'id': 'minecraft:gold_nugget'}}}, '\\u0022', {'text': '\\u0024\\u80e6', 'hoverEvent': {'action': 'show_item', 'contents': {'id': 'minecraft:gold_nugget'}}}, {'text': '\\u0024\\u80e7', 'hoverEvent': {'action': 'show_item', 'contents': {'id': 'minecraft:cod'}}}, {'text': '\\u0024\\u80e6', 'hoverEvent': {'action': 'show_item', 'contents': {'id': 'minecraft:gold_nugget'}}}, '\\u0022\\u0022', {'text': '\\u0024\\u0024\\u8035\\n', 'hoverEvent': {'action': 'show_item', 'contents': {'id': 'golden_apple', 'components': {'item_name': '{\"text\": \"Gold Fish\", \"italic\": false, \"color\": \"white\"}', 'lore': ['[\"\", {\"text\": \"I\", \"color\": \"white\", \"italic\": false, \"font\": \"tribe_civilization:icons\"}, {\"text\": \" Tribe Civilization\", \"italic\": true, \"color\": \"blue\"}]']}}}}, '\\u0022', {'text': '\\u0031\\u0024', 'hoverEvent': {'action': 'show_item', 'contents': {'id': 'minecraft:gold_nugget'}}}, {'text': '\\u0031\\u0024', 'hoverEvent': {'action': 'show_item', 'contents': {'id': 'minecraft:cod'}}}, {'text': '\\u0031\\u0024', 'hoverEvent': {'action': 'show_item', 'contents': {'id': 'minecraft:gold_nugget'}}}, '\\u0022\\u0022', {'text': '\\u0031\\u0024\\n', 'hoverEvent': {'action': 'show_item', 'contents': {'id': 'golden_apple', 'components': {'item_name': '{\"text\": \"Gold Fish\", \"italic\": false, \"color\": \"white\"}', 'lore': ['[\"\", {\"text\": \"I\", \"color\": \"white\", \"italic\": false, \"font\": \"tribe_civilization:icons\"}, {\"text\": \" Tribe Civilization\", \"italic\": true, \"color\": \"blue\"}]']}}}}, '\\u0022', {'text': '\\u0024\\u80e6\\u0024\\u80e6\\u0024\\u80e6\\n', 'hoverEvent': {'action': 'show_item', 'contents': {'id': 'minecraft:gold_nugget'}}}, '\\u0022', {'text': '\\u0031\\u0024\\u0031\\u0024\\u0031\\u0024\\n\\n', 'hoverEvent': {'action': 'show_item', 'contents': {'id': 'minecraft:gold_nugget'}}}, {'text': '\\u0027\\u0023\\u0023', 'hoverEvent': {'action': 'show_text', 'contents': [{'text': ''}, [{'text': '', 'font': 'tribe_civilization:manual', 'color': 'white'}, '\\u0022\\u002e\\n\\u0022\\u0024\\u80e6\\u0024\\u80e6\\u0024\\u80e6\\n\\u0022\\u0031\\u0024\\u0031\\u0024\\u0031\\u0024\\n\\u0022\\u0024\\u80e6\\u0024\\u80e7\\u0024\\u80e6\\u0022\\u0022\\u0024\\u0024\\u8035\\n\\u0022\\u0031\\u0024\\u0031\\u0024\\u0031\\u0024\\u0022\\u0022\\u0031\\u0024\\n\\u0022\\u0024\\u80e6\\u0024\\u80e6\\u0024\\u80e6\\n\\u0022\\u0031\\u0024\\u0031\\u0024\\u0031\\u0024\\n'], {'text': '\\n- x8 Gold Nugget\\n- x1 Cod', 'color': 'gray'}]}}, {'text': '\\u0027\\u0023\\u0023', 'hoverEvent': {'action': 'show_text', 'contents': [{'text': ''}, [{'text': '', 'font': 'tribe_civilization:manual', 'color': 'white'}, '\\u0022\\u002e\\n\\u0022\\u0024\\u80e6\\u0024\\u80e6\\u0024\\u80e6\\n\\u0022\\u0031\\u0024\\u0031\\u0024\\u0031\\u0024\\n\\u0022\\u0024\\u80e6\\u0024\\u80ed\\u0024\\u80e6\\u0022\\u0022\\u0024\\u0024\\u8035\\n\\u0022\\u0031\\u0024\\u0031\\u0024\\u0031\\u0024\\u0022\\u0022\\u0031\\u0024\\n\\u0022\\u0024\\u80e6\\u0024\\u80e6\\u0024\\u80e6\\n\\u0022\\u0031\\u0024\\u0031\\u0024\\u0031\\u0024\\n'], {'text': '\\n- x8 Gold Nugget\\n- x1 Salmon', 'color': 'gray'}]}}, {'text': '\\u0027\\n', 'hoverEvent': {'action': 'show_text', 'contents': [{'text': ''}, [{'text': '', 'font': 'tribe_civilization:manual', 'color': 'white'}, '\\u0022\\u002e\\n\\u0022\\u0024\\u80e6\\u0024\\u80e6\\u0024\\u80e6\\n\\u0022\\u0031\\u0024\\u0031\\u0024\\u0031\\u0024\\n\\u0022\\u0024\\u80e6\\u0024\\u80f0\\u0024\\u80e6\\u0022\\u0022\\u0024\\u0024\\u8035\\n\\u0022\\u0031\\u0024\\u0031\\u0024\\u0031\\u0024\\u0022\\u0022\\u0031\\u0024\\n\\u0022\\u0024\\u80e6\\u0024\\u80e6\\u0024\\u80e6\\n\\u0022\\u0031\\u0024\\u0031\\u0024\\u0031\\u0024\\n'], {'text': '\\n- x8 Gold Nugget\\n- x1 Tropical Fish', 'color': 'gray'}]}}, {'text': '\\u0025\\u0023\\u0023', 'hoverEvent': {'action': 'show_text', 'contents': [{'text': ''}, [{'text': '', 'font': 'tribe_civilization:manual', 'color': 'white'}, '\\u0022\\u002e\\n\\u0022\\u0024\\u80e6\\u0024\\u80e6\\u0024\\u80e6\\n\\u0022\\u0031\\u0024\\u0031\\u0024\\u0031\\u0024\\n\\u0022\\u0024\\u80e6\\u0024\\u80e7\\u0024\\u80e6\\u0022\\u0022\\u0024\\u0024\\u8035\\n\\u0022\\u0031\\u0024\\u0031\\u0024\\u0031\\u0024\\u0022\\u0022\\u0031\\u0024\\n\\u0022\\u0024\\u80e6\\u0024\\u80e6\\u0024\\u80e6\\n\\u0022\\u0031\\u0024\\u0031\\u0024\\u0031\\u0024\\n'], {'text': '\\n- x8 Gold Nugget\\n- x1 Cod', 'color': 'gray'}]}}, {'text': '\\u0025\\u0023\\u0023', 'hoverEvent': {'action': 'show_text', 'contents': [{'text': ''}, [{'text': '', 'font': 'tribe_civilization:manual', 'color': 'white'}, '\\u0022\\u002e\\n\\u0022\\u0024\\u80e6\\u0024\\u80e6\\u0024\\u80e6\\n\\u0022\\u0031\\u0024\\u0031\\u0024\\u0031\\u0024\\n\\u0022\\u0024\\u80e6\\u0024\\u80ed\\u0024\\u80e6\\u0022\\u0022\\u0024\\u0024\\u8035\\n\\u0022\\u0031\\u0024\\u0031\\u0024\\u0031\\u0024\\u0022\\u0022\\u0031\\u0024\\n\\u0022\\u0024\\u80e6\\u0024\\u80e6\\u0024\\u80e6\\n\\u0022\\u0031\\u0024\\u0031\\u0024\\u0031\\u0024\\n'], {'text': '\\n- x8 Gold Nugget\\n- x1 Salmon', 'color': 'gray'}]}}, {'text': '\\u0025\\u0023\\u0023', 'hoverEvent': {'action': 'show_text', 'contents': [{'text': ''}, [{'text': '', 'font': 'tribe_civilization:manual', 'color': 'white'}, '\\u0022\\u002e\\n\\u0022\\u0024\\u80e6\\u0024\\u80e6\\u0024\\u80e6\\n\\u0022\\u0031\\u0024\\u0031\\u0024\\u0031\\u0024\\n\\u0022\\u0024\\u80e6\\u0024\\u80f0\\u0024\\u80e6\\u0022\\u0022\\u0024\\u0024\\u8035\\n\\u0022\\u0031\\u0024\\u0031\\u0024\\u0031\\u0024\\u0022\\u0022\\u0031\\u0024\\n\\u0022\\u0024\\u80e6\\u0024\\u80e6\\u0024\\u80e6\\n\\u0022\\u0031\\u0024\\u0031\\u0024\\u0031\\u0024\\n'], {'text': '\\n- x8 Gold Nugget\\n- x1 Tropical Fish', 'color': 'gray'}]}}]",
                    "[{'text': '', 'font': 'tribe_civilization:manual', 'color': 'white'}, {'text': 'Life Crystal\\n', 'font': 'minecraft:default', 'color': 'black', 'underlined': True}, '\\u0022\\u002a\\n\\u0022', {'text': '\\u0024\\u8021', 'hoverEvent': {'action': 'show_item', 'contents': {'id': 'command_block', 'components': {'item_name': '{\"text\": \"Astral Powder\", \"italic\": false, \"color\": \"white\"}', 'lore': ['[\"\", {\"text\": \"I\", \"color\": \"white\", \"italic\": false, \"font\": \"tribe_civilization:icons\"}, {\"text\": \" Tribe Civilization\", \"italic\": true, \"color\": \"blue\"}]']}}}, 'clickEvent': {'action': 'change_page', 'value': '6'}}, {'text': '\\u0024\\u802d', 'hoverEvent': {'action': 'show_item', 'contents': {'id': 'command_block', 'components': {'item_name': '{\"text\": \"Purple Crystal\", \"italic\": false, \"color\": \"white\"}', 'lore': ['[\"\", {\"text\": \"I\", \"color\": \"white\", \"italic\": false, \"font\": \"tribe_civilization:icons\"}, {\"text\": \" Tribe Civilization\", \"italic\": true, \"color\": \"blue\"}]']}}}, 'clickEvent': {'action': 'change_page', 'value': '12'}}, {'text': '\\u0024\\u802f\\n', 'hoverEvent': {'action': 'show_item', 'contents': {'id': 'command_block', 'components': {'item_name': '{\"text\": \"Yellow Crystal\", \"italic\": false, \"color\": \"white\"}', 'lore': ['[\"\", {\"text\": \"I\", \"color\": \"white\", \"italic\": false, \"font\": \"tribe_civilization:icons\"}, {\"text\": \" Tribe Civilization\", \"italic\": true, \"color\": \"blue\"}]']}}}, 'clickEvent': {'action': 'change_page', 'value': '13'}}, '\\u0022', {'text': '\\u0031\\u0024', 'hoverEvent': {'action': 'show_item', 'contents': {'id': 'command_block', 'components': {'item_name': '{\"text\": \"Astral Powder\", \"italic\": false, \"color\": \"white\"}', 'lore': ['[\"\", {\"text\": \"I\", \"color\": \"white\", \"italic\": false, \"font\": \"tribe_civilization:icons\"}, {\"text\": \" Tribe Civilization\", \"italic\": true, \"color\": \"blue\"}]']}}}, 'clickEvent': {'action': 'change_page', 'value': '6'}}, {'text': '\\u0031\\u0024', 'hoverEvent': {'action': 'show_item', 'contents': {'id': 'command_block', 'components': {'item_name': '{\"text\": \"Purple Crystal\", \"italic\": false, \"color\": \"white\"}', 'lore': ['[\"\", {\"text\": \"I\", \"color\": \"white\", \"italic\": false, \"font\": \"tribe_civilization:icons\"}, {\"text\": \" Tribe Civilization\", \"italic\": true, \"color\": \"blue\"}]']}}}, 'clickEvent': {'action': 'change_page', 'value': '12'}}, {'text': '\\u0031\\u0024\\n', 'hoverEvent': {'action': 'show_item', 'contents': {'id': 'command_block', 'components': {'item_name': '{\"text\": \"Yellow Crystal\", \"italic\": false, \"color\": \"white\"}', 'lore': ['[\"\", {\"text\": \"I\", \"color\": \"white\", \"italic\": false, \"font\": \"tribe_civilization:icons\"}, {\"text\": \" Tribe Civilization\", \"italic\": true, \"color\": \"blue\"}]']}}}, 'clickEvent': {'action': 'change_page', 'value': '13'}}, '\\u0022', {'text': '\\u0024\\u8031', 'hoverEvent': {'action': 'show_item', 'contents': {'id': 'command_block', 'components': {'item_name': '{\"text\": \"Green Crystal\", \"italic\": false, \"color\": \"white\"}', 'lore': ['[\"\", {\"text\": \"I\", \"color\": \"white\", \"italic\": false, \"font\": \"tribe_civilization:icons\"}, {\"text\": \" Tribe Civilization\", \"italic\": true, \"color\": \"blue\"}]']}}}, 'clickEvent': {'action': 'change_page', 'value': '14'}}, {'text': '\\u0024\\u8033', 'hoverEvent': {'action': 'show_item', 'contents': {'id': 'command_block', 'components': {'item_name': '{\"text\": \"Cyan Crystal\", \"italic\": false, \"color\": \"white\"}', 'lore': ['[\"\", {\"text\": \"I\", \"color\": \"white\", \"italic\": false, \"font\": \"tribe_civilization:icons\"}, {\"text\": \" Tribe Civilization\", \"italic\": true, \"color\": \"blue\"}]']}}}, 'clickEvent': {'action': 'change_page', 'value': '15'}}, '\\u0031\\u0024\\u0022\\u0022', {'text': '\\u0024\\u0024\\u8037\\n', 'hoverEvent': {'action': 'show_item', 'contents': {'id': 'golden_apple', 'components': {'item_name': '{\"text\": \"Life Crystal\", \"italic\": false, \"color\": \"white\"}', 'lore': ['[\"\", {\"text\": \"I\", \"color\": \"white\", \"italic\": false, \"font\": \"tribe_civilization:icons\"}, {\"text\": \" Tribe Civilization\", \"italic\": true, \"color\": \"blue\"}]']}}}}, '\\u0022', {'text': '\\u0031\\u0024', 'hoverEvent': {'action': 'show_item', 'contents': {'id': 'command_block', 'components': {'item_name': '{\"text\": \"Green Crystal\", \"italic\": false, \"color\": \"white\"}', 'lore': ['[\"\", {\"text\": \"I\", \"color\": \"white\", \"italic\": false, \"font\": \"tribe_civilization:icons\"}, {\"text\": \" Tribe Civilization\", \"italic\": true, \"color\": \"blue\"}]']}}}, 'clickEvent': {'action': 'change_page', 'value': '14'}}, {'text': '\\u0031\\u0024', 'hoverEvent': {'action': 'show_item', 'contents': {'id': 'command_block', 'components': {'item_name': '{\"text\": \"Cyan Crystal\", \"italic\": false, \"color\": \"white\"}', 'lore': ['[\"\", {\"text\": \"I\", \"color\": \"white\", \"italic\": false, \"font\": \"tribe_civilization:icons\"}, {\"text\": \" Tribe Civilization\", \"italic\": true, \"color\": \"blue\"}]']}}}, 'clickEvent': {'action': 'change_page', 'value': '15'}}, '\\u0031\\u0024\\u0022\\u0022', {'text': '\\u0031\\u0024\\n\\n\\n\\n', 'hoverEvent': {'action': 'show_item', 'contents': {'id': 'golden_apple', 'components': {'item_name': '{\"text\": \"Life Crystal\", \"italic\": false, \"color\": \"white\"}', 'lore': ['[\"\", {\"text\": \"I\", \"color\": \"white\", \"italic\": false, \"font\": \"tribe_civilization:icons\"}, {\"text\": \" Tribe Civilization\", \"italic\": true, \"color\": \"blue\"}]']}}}}, {'text': '\\u0027\\n', 'hoverEvent': {'action': 'show_text', 'contents': [{'text': ''}, [{'text': '', 'font': 'tribe_civilization:manual', 'color': 'white'}, '\\u0022\\u002e\\n\\u0022\\u0024\\u8021\\u0024\\u802d\\u0024\\u802f\\n\\u0022\\u0031\\u0024\\u0031\\u0024\\u0031\\u0024\\n\\u0022\\u0024\\u8031\\u0024\\u8033\\u0031\\u0024\\u0022\\u0022\\u0024\\u0024\\u8037\\n\\u0022\\u0031\\u0024\\u0031\\u0024\\u0031\\u0024\\u0022\\u0022\\u0031\\u0024\\n\\n\\n'], {'text': '\\n- x1 Astral Powder\\n- x1 Purple Crystal\\n- x1 Yellow Crystal\\n- x1 Green Crystal\\n- x1 Cyan Crystal', 'color': 'gray'}]}}, {'text': '\\u0025\\u0023\\u0023', 'hoverEvent': {'action': 'show_text', 'contents': [{'text': ''}, [{'text': '', 'font': 'tribe_civilization:manual', 'color': 'white'}, '\\u0022\\u002e\\n\\u0022\\u0024\\u8021\\u0024\\u802d\\u0024\\u802f\\n\\u0022\\u0031\\u0024\\u0031\\u0024\\u0031\\u0024\\n\\u0022\\u0024\\u8031\\u0024\\u8033\\u0031\\u0024\\u0022\\u0022\\u0024\\u0024\\u8037\\n\\u0022\\u0031\\u0024\\u0031\\u0024\\u0031\\u0024\\u0022\\u0022\\u0031\\u0024\\n\\n\\n'], {'text': '\\n- x1 Astral Powder\\n- x1 Purple Crystal\\n- x1 Yellow Crystal\\n- x1 Green Crystal\\n- x1 Cyan Crystal', 'color': 'gray'}]}}]",
                    "[{'text': '', 'font': 'tribe_civilization:manual', 'color': 'white'}, {'text': 'Lunar Compass\\n', 'font': 'minecraft:default', 'color': 'black', 'underlined': True}, '\\u0022\\u002a\\n\\u0022', {'text': '\\u0024\\u8023', 'hoverEvent': {'action': 'show_item', 'contents': {'id': 'command_block', 'components': {'item_name': '{\"text\": \"Diamond Meteorite\", \"italic\": false, \"color\": \"white\"}', 'lore': ['[\"\", {\"text\": \"I\", \"color\": \"white\", \"italic\": false, \"font\": \"tribe_civilization:icons\"}, {\"text\": \" Tribe Civilization\", \"italic\": true, \"color\": \"blue\"}]']}}}, 'clickEvent': {'action': 'change_page', 'value': '7'}}, {'text': '\\u0024\\u8025', 'hoverEvent': {'action': 'show_item', 'contents': {'id': 'command_block', 'components': {'item_name': '{\"text\": \"Emerald Meteorite\", \"italic\": false, \"color\": \"white\"}', 'lore': ['[\"\", {\"text\": \"I\", \"color\": \"white\", \"italic\": false, \"font\": \"tribe_civilization:icons\"}, {\"text\": \" Tribe Civilization\", \"italic\": true, \"color\": \"blue\"}]']}}}, 'clickEvent': {'action': 'change_page', 'value': '8'}}, {'text': '\\u0024\\u8027\\n', 'hoverEvent': {'action': 'show_item', 'contents': {'id': 'command_block', 'components': {'item_name': '{\"text\": \"Iron Meteorite\", \"italic\": false, \"color\": \"white\"}', 'lore': ['[\"\", {\"text\": \"I\", \"color\": \"white\", \"italic\": false, \"font\": \"tribe_civilization:icons\"}, {\"text\": \" Tribe Civilization\", \"italic\": true, \"color\": \"blue\"}]']}}}, 'clickEvent': {'action': 'change_page', 'value': '9'}}, '\\u0022', {'text': '\\u0031\\u0024', 'hoverEvent': {'action': 'show_item', 'contents': {'id': 'command_block', 'components': {'item_name': '{\"text\": \"Diamond Meteorite\", \"italic\": false, \"color\": \"white\"}', 'lore': ['[\"\", {\"text\": \"I\", \"color\": \"white\", \"italic\": false, \"font\": \"tribe_civilization:icons\"}, {\"text\": \" Tribe Civilization\", \"italic\": true, \"color\": \"blue\"}]']}}}, 'clickEvent': {'action': 'change_page', 'value': '7'}}, {'text': '\\u0031\\u0024', 'hoverEvent': {'action': 'show_item', 'contents': {'id': 'command_block', 'components': {'item_name': '{\"text\": \"Emerald Meteorite\", \"italic\": false, \"color\": \"white\"}', 'lore': ['[\"\", {\"text\": \"I\", \"color\": \"white\", \"italic\": false, \"font\": \"tribe_civilization:icons\"}, {\"text\": \" Tribe Civilization\", \"italic\": true, \"color\": \"blue\"}]']}}}, 'clickEvent': {'action': 'change_page', 'value': '8'}}, {'text': '\\u0031\\u0024\\n', 'hoverEvent': {'action': 'show_item', 'contents': {'id': 'command_block', 'components': {'item_name': '{\"text\": \"Iron Meteorite\", \"italic\": false, \"color\": \"white\"}', 'lore': ['[\"\", {\"text\": \"I\", \"color\": \"white\", \"italic\": false, \"font\": \"tribe_civilization:icons\"}, {\"text\": \" Tribe Civilization\", \"italic\": true, \"color\": \"blue\"}]']}}}, 'clickEvent': {'action': 'change_page', 'value': '9'}}, '\\u0022', {'text': '\\u0024\\u8029', 'hoverEvent': {'action': 'show_item', 'contents': {'id': 'command_block', 'components': {'item_name': '{\"text\": \"Zinc Meteorite\", \"italic\": false, \"color\": \"white\"}', 'lore': ['[\"\", {\"text\": \"I\", \"color\": \"white\", \"italic\": false, \"font\": \"tribe_civilization:icons\"}, {\"text\": \" Tribe Civilization\", \"italic\": true, \"color\": \"blue\"}]']}}}, 'clickEvent': {'action': 'change_page', 'value': '10'}}, {'text': '\\u0024\\u802b', 'hoverEvent': {'action': 'show_item', 'contents': {'id': 'command_block', 'components': {'item_name': '{\"text\": \"Blue Star\", \"italic\": false, \"color\": \"white\"}', 'lore': ['[\"\", {\"text\": \"I\", \"color\": \"white\", \"italic\": false, \"font\": \"tribe_civilization:icons\"}, {\"text\": \" Tribe Civilization\", \"italic\": true, \"color\": \"blue\"}]']}}}, 'clickEvent': {'action': 'change_page', 'value': '11'}}, '\\u0031\\u0024\\u0022\\u0022', {'text': '\\u0024\\u0024\\u8039\\n', 'hoverEvent': {'action': 'show_item', 'contents': {'id': 'command_block', 'components': {'item_name': '{\"text\": \"Lunar Compass\", \"italic\": false, \"color\": \"white\"}', 'lore': ['[\"\", {\"text\": \"I\", \"color\": \"white\", \"italic\": false, \"font\": \"tribe_civilization:icons\"}, {\"text\": \" Tribe Civilization\", \"italic\": true, \"color\": \"blue\"}]']}}}}, '\\u0022', {'text': '\\u0031\\u0024', 'hoverEvent': {'action': 'show_item', 'contents': {'id': 'command_block', 'components': {'item_name': '{\"text\": \"Zinc Meteorite\", \"italic\": false, \"color\": \"white\"}', 'lore': ['[\"\", {\"text\": \"I\", \"color\": \"white\", \"italic\": false, \"font\": \"tribe_civilization:icons\"}, {\"text\": \" Tribe Civilization\", \"italic\": true, \"color\": \"blue\"}]']}}}, 'clickEvent': {'action': 'change_page', 'value': '10'}}, {'text': '\\u0031\\u0024', 'hoverEvent': {'action': 'show_item', 'contents': {'id': 'command_block', 'components': {'item_name': '{\"text\": \"Blue Star\", \"italic\": false, \"color\": \"white\"}', 'lore': ['[\"\", {\"text\": \"I\", \"color\": \"white\", \"italic\": false, \"font\": \"tribe_civilization:icons\"}, {\"text\": \" Tribe Civilization\", \"italic\": true, \"color\": \"blue\"}]']}}}, 'clickEvent': {'action': 'change_page', 'value': '11'}}, '\\u0031\\u0024\\u0022\\u0022', {'text': '\\u0031\\u0024\\n\\n\\n\\n', 'hoverEvent': {'action': 'show_item', 'contents': {'id': 'command_block', 'components': {'item_name': '{\"text\": \"Lunar Compass\", \"italic\": false, \"color\": \"white\"}', 'lore': ['[\"\", {\"text\": \"I\", \"color\": \"white\", \"italic\": false, \"font\": \"tribe_civilization:icons\"}, {\"text\": \" Tribe Civilization\", \"italic\": true, \"color\": \"blue\"}]']}}}}, {'text': '\\u0027\\n', 'hoverEvent': {'action': 'show_text', 'contents': [{'text': ''}, [{'text': '', 'font': 'tribe_civilization:manual', 'color': 'white'}, '\\u0022\\u002e\\n\\u0022\\u0024\\u8023\\u0024\\u8025\\u0024\\u8027\\n\\u0022\\u0031\\u0024\\u0031\\u0024\\u0031\\u0024\\n\\u0022\\u0024\\u8029\\u0024\\u802b\\u0031\\u0024\\u0022\\u0022\\u0024\\u0024\\u8039\\n\\u0022\\u0031\\u0024\\u0031\\u0024\\u0031\\u0024\\u0022\\u0022\\u0031\\u0024\\n\\n\\n'], {'text': '\\n- x1 Diamond Meteorite\\n- x1 Emerald Meteorite\\n- x1 Iron Meteorite\\n- x1 Zinc Meteorite\\n- x1 Blue Star', 'color': 'gray'}]}}, {'text': '\\u0025\\u0023\\u0023', 'hoverEvent': {'action': 'show_text', 'contents': [{'text': ''}, [{'text': '', 'font': 'tribe_civilization:manual', 'color': 'white'}, '\\u0022\\u002e\\n\\u0022\\u0024\\u8023\\u0024\\u8025\\u0024\\u8027\\n\\u0022\\u0031\\u0024\\u0031\\u0024\\u0031\\u0024\\n\\u0022\\u0024\\u8029\\u0024\\u802b\\u0031\\u0024\\u0022\\u0022\\u0024\\u0024\\u8039\\n\\u0022\\u0031\\u0024\\u0031\\u0024\\u0031\\u0024\\u0022\\u0022\\u0031\\u0024\\n\\n\\n'], {'text': '\\n- x1 Diamond Meteorite\\n- x1 Emerald Meteorite\\n- x1 Iron Meteorite\\n- x1 Zinc Meteorite\\n- x1 Blue Star', 'color': 'gray'}]}}]",
                    "[{'text': '', 'font': 'tribe_civilization:manual', 'color': 'white'}, {'text': 'Letter\\n', 'font': 'minecraft:default', 'color': 'black', 'underlined': True}, '\\u0021\\u0021\\u1032\\n\\u0021\\u0021', {'text': '\\u0020\\u0020\\n', 'hoverEvent': {'action': 'show_item', 'contents': {'id': 'command_block', 'components': {'item_name': '{\"text\": \"Letter\", \"italic\": false, \"color\": \"white\"}', 'lore': ['[\"\", {\"text\": \"I\", \"color\": \"white\", \"italic\": false, \"font\": \"tribe_civilization:icons\"}, {\"text\": \" Tribe Civilization\", \"italic\": true, \"color\": \"blue\"}]']}}}, 'clickEvent': {'action': 'change_page', 'value': '19'}}, '\\u0021\\u0021', {'text': '\\u0020\\u0020\\n', 'hoverEvent': {'action': 'show_item', 'contents': {'id': 'command_block', 'components': {'item_name': '{\"text\": \"Letter\", \"italic\": false, \"color\": \"white\"}', 'lore': ['[\"\", {\"text\": \"I\", \"color\": \"white\", \"italic\": false, \"font\": \"tribe_civilization:icons\"}, {\"text\": \" Tribe Civilization\", \"italic\": true, \"color\": \"blue\"}]']}}}, 'clickEvent': {'action': 'change_page', 'value': '19'}}, '\\u0021\\u0021', {'text': '\\u0020\\u0020\\n', 'hoverEvent': {'action': 'show_item', 'contents': {'id': 'command_block', 'components': {'item_name': '{\"text\": \"Letter\", \"italic\": false, \"color\": \"white\"}', 'lore': ['[\"\", {\"text\": \"I\", \"color\": \"white\", \"italic\": false, \"font\": \"tribe_civilization:icons\"}, {\"text\": \" Tribe Civilization\", \"italic\": true, \"color\": \"blue\"}]']}}}, 'clickEvent': {'action': 'change_page', 'value': '19'}}, '\\u0021\\u0021', {'text': '\\u0020\\u0020\\n', 'hoverEvent': {'action': 'show_item', 'contents': {'id': 'command_block', 'components': {'item_name': '{\"text\": \"Letter\", \"italic\": false, \"color\": \"white\"}', 'lore': ['[\"\", {\"text\": \"I\", \"color\": \"white\", \"italic\": false, \"font\": \"tribe_civilization:icons\"}, {\"text\": \" Tribe Civilization\", \"italic\": true, \"color\": \"blue\"}]']}}}, 'clickEvent': {'action': 'change_page', 'value': '19'}}]"
                  ]
                },
                "minecraft:lore": [
                  "['', {'text': 'I', 'color': 'white', 'italic': false, 'font': 'tribe_civilization:icons'}, {'text': ' Tribe Civilization', 'italic': true, 'color': 'blue'}]"
                ],
                "minecraft:item_model": "tribe_civilization:manual",
                "minecraft:enchantment_glint_override": false,
                "minecraft:max_stack_size": 1
              }
            }
          ]
        }
      ]
    }
  ]
}
