{
	"antvenom_the_miner": {
		"category": "music",
		"sounds": [{"name": "iyc:antvenom_the_miner","stream": true}]
	},
	"bebopvox_dont_mine_at_night": {
		"category": "music",
		"sounds": [{"name": "iyc:bebopvox_dont_mine_at_night","stream": true}]
	},
	"captainsparklez_fallen_kingdom": {
		"category": "music",
		"sounds": [{"name": "iyc:captainsparklez_fallen_kingdom","stream": true}]
	},
	"captainsparklez_minecraft_style": {
		"category": "music",
		"sounds": [{"name": "iyc:captainsparklez_minecraft_style","stream": true}]
	},
	"captainsparklez_revenge": {
		"category": "music",
		"sounds": [{"name": "iyc:captainsparklez_revenge","stream": true}]
	},
	"captainsparklez_tack_back_the_night": {
		"category": "music",
		"sounds": [{"name": "iyc:captainsparklez_tack_back_the_night","stream": true}]
	},
	"captainsparklez_tnt": {
		"category": "music",
		"sounds": [{"name": "iyc:captainsparklez_tnt","stream": true}]
	},
	"gunther_you_touch_my_tralala": {
		"category": "music",
		"sounds": [{"name": "iyc:gunther_you_touch_my_tralala","stream": true}]
	},
	"guzzproduction_bouge_ton_cube": {
		"category": "music",
		"sounds": [{"name": "iyc:guzzproduction_bouge_ton_cube","stream": true}]
	},
	"lokoise_acta": {
		"category": "music",
		"sounds": [{"name": "iyc:lokoise_acta","stream": true}]
	},
	"lokoise_bug_de_chunks": {
		"category": "music",
		"sounds": [{"name": "iyc:lokoise_bug_de_chunks","stream": true}]
	},
	"lokoise_jaime_le_creep": {
		"category": "music",
		"sounds": [{"name": "iyc:lokoise_jaime_le_creep","stream": true}]
	},
	"lokoise_jfais_des_pelles_en_diams": {
		"category": "music",
		"sounds": [{"name": "iyc:lokoise_jfais_des_pelles_en_diams","stream": true}]
	},
	"lokoise_jgeek_un_max": {
		"category": "music",
		"sounds": [{"name": "iyc:lokoise_jgeek_un_max","stream": true}]
	},
	"lokoise_jsuis_sean_kvin": {
		"category": "music",
		"sounds": [{"name": "iyc:lokoise_jsuis_sean_kvin","stream": true}]
	},
	"lokoise_je_me_give": {
		"category": "music",
		"sounds": [{"name": "iyc:lokoise_je_me_give","stream": true}]
	},
	"lokoise_le_journal_dun_naufragay": {
		"category": "music",
		"sounds": [{"name": "iyc:lokoise_le_journal_dun_naufragay","stream": true}]
	},
	"lokoise_tous_les_zombies": {
		"category": "music",
		"sounds": [{"name": "iyc:lokoise_tous_les_zombies","stream": true}]
	},
	"lokoise_un_dbit_tout_pourri": {
		"category": "music",
		"sounds": [{"name": "iyc:lokoise_un_dbit_tout_pourri","stream": true}]
	},
	"reaperr__mrelvilia_mauvaise_ide": {
		"category": "music",
		"sounds": [{"name": "iyc:reaperr__mrelvilia_mauvaise_ide","stream": true}]
	},
	"thedudescraft_gagaoutai": {
		"category": "music",
		"sounds": [{"name": "iyc:thedudescraft_gagaoutai","stream": true}]
	},
	"tryhardninja_that_girl_is_crafty": {
		"category": "music",
		"sounds": [{"name": "iyc:tryhardninja_that_girl_is_crafty","stream": true}]
	},
	"ahhhhhrrr": {
		"subtitle": "Ahhhhhrrr",
		"sounds": ["iyc:ahhhhhrrr"]
	},
	"block_party_thing": {
		"subtitle": "Block Party Thing",
		"sounds": ["iyc:block_party_thing"]
	},
	"nyan_cat": {
		"subtitle": "Nyan Cat",
		"sounds": ["iyc:nyan_cat"]
	}
}
