{
  "type": "minecraft:entity",
  "pools": [
    {
      "bonus_rolls": 0,
      "entries": [
        {
          "type": "minecraft:item",
          "functions": [
            {
              "add": false,
              "count": 1,
              "function": "minecraft:set_count"
            },
            {
              "amplifier": {
                "type": "minecraft:uniform",
                "min": 0,
                "max": 4
              },
              "function": "minecraft:set_ominous_bottle_amplifier"
            }
          ],
          "name": "minecraft:ominous_bottle"
        }
      ],
      "rolls": 1
    }
  ],
  "random_sequence": "minecraft:entities/pillager"
}
