{
    "pools": [
      {
        "rolls": 1,
        "entries": [
          {
            "type": "minecraft:item",
            "name": "minecraft:iron_ingot",
            "weight": 3,
            "functions": [
              {
                "function": "minecraft:set_count",
                "count": 1
              },
              {
                "function": "minecraft:set_count",
                "count": 1
              }
            ]
          },
          {
            "type": "minecraft:item",
            "name": "minecraft:carrot",
            "weight": 4,
            "functions": [
              {
                "function": "minecraft:set_count",
                "count": {
                  "min": 1,
                  "max": 2
                }
              }
            ]
          },
          {
            "type": "minecraft:item",
            "name": "minecraft:potato",
            "weight": 4,
            "functions": [
              {
                "function": "minecraft:set_count",
                "count": {
                  "min": 1,
                  "max": 2
                }
              }
            ]
          }
        ]
      }
    ]
  }
  