{
  "type": "minecraft:block",
  "pools": [
    {
      "bonus_rolls": 0.0,
      "conditions": [
        {
          "condition": "minecraft:survives_explosion"
        }
      ],
      "functions": [
        {
          "function": "minecraft:furnace_smelt",
          "conditions": [
            {
              "condition": "minecraft:match_tool",
              "predicate": {
                "predicates": {
                  "minecraft:enchantments": [
                    {
                      "enchantments": "enchantplus:tools/auto_smelt",
                      "levels": {
                        "min": 1
                      }
                    }
                  ]
                }
              }
            }
          ]
        }
      ],
      "entries": [
        {
          "type": "minecraft:item",
          "name": "minecraft:blue_terracotta"
        }
      ],
      "rolls": 1.0
    }
  ],
  "random_sequence": "minecraft:blocks/blue_terracotta"
}
