{
  "pools": [
    {
      "rolls": 1,
      "entries": [
        {
          "type": "minecraft:loot_table",
          "value": "apocalypse:zombie/zombie_scorched"
        }
      ]
    },
    {
      "rolls": 1,
      "entries": [
        {
          "type": "minecraft:loot_table",
          "value": "modern_guns:ammo/44_magnum_rounds",
          "functions": [
            {
              "function": "minecraft:set_count",
              "count": {
                "min": 2,
                "max": 5
              }
            }
          ]
        },
        {
          "type": "minecraft:loot_table",
          "value": "modern_guns:ammo/ak47_magazine"
        },
        {
          "type": "minecraft:loot_table",
          "value": "modern_guns:ammo/thompson_machine_gun_magazine"
        },
        {
          "type": "minecraft:loot_table",
          "value": "modern_guns:ammo/308_caliber_magazine"
        },
        {
          "type": "minecraft:loot_table",
          "value": "modern_guns:ammo/12_gauge_shotgun_shell",
          "functions": [
            {
              "function": "minecraft:set_count",
              "count": {
                "min": 1,
                "max": 3
              }
            }
          ]
        }
      ],
      "conditions": [
        {
          "condition": "minecraft:random_chance",
          "chance": 1.0
        }
      ]
    }
  ]
}
