{
    "anvil_cost": 6,
    "description": {
        "translate": "enchantment.enchantplus.auto_smelt",
        "fallback": "Auto Smelt"
    },
    "effects": {
        "minecraft:block_experience": [
            {
                "effect": {
                    "type": "minecraft:set",
                    "value": 0
                }
            }
        ]
    },
    "max_cost": {
        "base": 65,
        "per_level_above_first": 0
    },
    "max_level": 1,
    "min_cost": {
        "base": 20,
        "per_level_above_first": 0
    },
    "slots": [
        "mainhand"
    ],
    "supported_items": "#minecraft:enchantable/mining_loot",
    "weight": 2
}