{
  "type": "minecraft:chest",
  "pools": [
    {
      "bonus_rolls": 0.0,
      "entries": [
        {
          "type": "minecraft:item",
          "name": "minecraft:experience_bottle"
        },
        {
          "type": "minecraft:loot_table",
          "value": "nova_structures:special_items/dolphin_splash"
        },
        {
          "type": "minecraft:loot_table",
          "value": "nova_structures:special_items/curse_linger"
        }
      ],
      "rolls": 2.0
    },
    {
      "bonus_rolls": 0.0,
      "entries": [
        {
          "type": "minecraft:loot_table",
          "value": "nova_structures:special_items/water_breathing_short_splash_potion"
        },
        {
          "type": "minecraft:loot_table",
          "value": "nova_structures:special_items/water_breathing_long_splash_potion"
        }
      ],
      "rolls": 1.0
    }
  ],
  "functions": [
    {
      "function": "minecraft:reference",
      "name": "nova_structures:loot_modifier"
    }
  ]
}