{
	"type": "minecraft:smelting",
	"ingredient": "minecraft:command_block",
	"result": {
		"id": "minecraft:command_block",
		"count": 1,
		"components": {
			"minecraft:item_model": "tribe_civilization:astral_powder",
			"minecraft:item_name": "{\"translate\":\"tribe_civilization.astral_powder\", \"italic\": false, \"color\": \"white\"}",
			"minecraft:lore": [
				"[\"\", {\"text\":\"I\", \"color\": \"white\", \"italic\": false, \"font\": \"tribe_civilization:icons\"}, {\"translate\":\"tribe_civilization\", \"italic\": true, \"color\": \"blue\"}]"
			],
			"minecraft:custom_data": {
				"tribe_civilization": {
					"astral_powder": true
				},
				"smithed": {
					"ignore": {
						"functionality": true,
						"crafting": true
					}
				}
			}
		}
	},
	"experience": 1.0,
	"cookingtime": 200
}
