{
	"pools": [
		{
			"rolls": 1,
			"entries": [
				{
					"type": "minecraft:item",
					"name": "minecraft:command_block",
					"functions": [
						{
							"function": "minecraft:set_components",
							"components": {
								"minecraft:item_model": "tribe_civilization:cyan_crystal",
								"minecraft:item_name": "{\"text\": \"Cyan Crystal\", \"italic\": false, \"color\": \"white\"}",
								"minecraft:lore": [
									"[\"\", {\"text\": \"I\", \"color\": \"white\", \"italic\": false, \"font\": \"tribe_civilization:icons\"}, {\"text\": \" Tribe Civilization\", \"italic\": true, \"color\": \"blue\"}]"
								],
								"minecraft:custom_data": {
									"tribe_civilization": {"cyan_crystal": true},
									"smithed": {"ignore": {"functionality": true,"crafting": true}}
								}
							}
						}
					]
				}
			]
		}
	]
}
