{
	"pools": [
		{
			"rolls": 1,
			"entries": [
				{
					"type": "minecraft:item",
					"name": "minecraft:written_book",
					"functions": [
						{
							"function": "minecraft:set_components",
							"components": {
								"minecraft:written_book_content": {
									"title": "Tribe Civilization Manual",
									"author": "Stoupy51",
									"pages": ["[{'text':''}, {'translate':'tribe_civilization_manual', 'underlined': True}, {'text':'\\u0021\\u0021\\u1020\\n\\n\\n\\n\\n\\n', 'font': 'tribe_civilization:manual', 'color': 'white'}, {'translate':'tribe_civilization.guide_spirituel_des_nébuliens_ces_recettes_ont_été_découvertes_p', 'color': '#505050'}, {'translate':'tribe_civilization.m_nebulien', 'obfuscated': True}]","[{'text':'', 'font': 'tribe_civilization:manual', 'color': 'white'}, {'translate':'tribe_civilization.heavy_workbench', 'font': 'minecraft:default', 'color': 'black', 'underlined': True}, '\\u0022\\u002a\\n\\u0022', {'text':'\\u0024\\u8111\\u0024\\u8111\\u0024\\u8111\\n', 'hoverEvent': {'action': 'show_item', 'contents': {'id': 'minecraft:oak_log'}}}, '\\u0022', {'text':'\\u0031\\u0024\\u0031\\u0024\\u0031\\u0024\\n', 'hoverEvent': {'action': 'show_item', 'contents': {'id': 'minecraft:oak_log'}}}, '\\u0022', {'text':'\\u0024\\u8111', 'hoverEvent': {'action': 'show_item', 'contents': {'id': 'minecraft:oak_log'}}}, {'text':'\\u0024\\u8112', 'hoverEvent': {'action': 'show_item', 'contents': {'id': 'minecraft:crafting_table'}}}, {'text':'\\u0024\\u8111', 'hoverEvent': {'action': 'show_item', 'contents': {'id': 'minecraft:oak_log'}}}, '\\u0022\\u0022', {'text':'\\u0024\\u0024\\u8110\\n', 'hoverEvent': {'action': 'show_item', 'contents': {'id': 'furnace', 'components': {'item_name': \"'Heavy Workbench'\"}}}}, '\\u0022', {'text':'\\u0031\\u0024', 'hoverEvent': {'action': 'show_item', 'contents': {'id': 'minecraft:oak_log'}}}, {'text':'\\u0031\\u0024', 'hoverEvent': {'action': 'show_item', 'contents': {'id': 'minecraft:crafting_table'}}}, {'text':'\\u0031\\u0024', 'hoverEvent': {'action': 'show_item', 'contents': {'id': 'minecraft:oak_log'}}}, '\\u0022\\u0022', {'text':'\\u0031\\u0024\\n', 'hoverEvent': {'action': 'show_item', 'contents': {'id': 'furnace', 'components': {'item_name': \"'Heavy Workbench'\"}}}}, '\\u0022', {'text':'\\u0024\\u8113\\u0024\\u8113\\u0024\\u8113\\n', 'hoverEvent': {'action': 'show_item', 'contents': {'id': 'minecraft:smooth_stone'}}}, '\\u0022', {'text':'\\u0031\\u0024\\u0031\\u0024\\u0031\\u0024\\n', 'hoverEvent': {'action': 'show_item', 'contents': {'id': 'minecraft:smooth_stone'}}}, [{'translate':'tribe_civilization.every_recipe_that_uses_custom_items', 'font': 'minecraft:default', 'color': 'black'}, {'translate':'tribe_civilization.must', 'color': 'red', 'underlined': True}, ' be crafted using the Heavy Workbench.']]","[{'text':'', 'font': 'tribe_civilization:manual', 'color': 'white'}, {'text':'➤ ', 'font': 'minecraft:default', 'color': 'black'}, {'translate':'tribe_civilization.category_browser', 'font': 'minecraft:default', 'color': 'black', 'underlined': True}, '\\u0022\\u1021\\n\\u0022', {'text':'\\u0024\\u8021', 'hoverEvent': {'action': 'show_item', 'contents': {'id': 'command_block', 'components': {'item_name': \"{'translate':'tribe_civilization.material', 'color': 'white'}\"}}}, 'clickEvent': {'action': 'change_page', 'value': '4'}}, {'text':'\\u0024\\u8035\\n', 'hoverEvent': {'action': 'show_item', 'contents': {'id': 'golden_apple', 'components': {'item_name': \"{'translate':'tribe_civilization.miscellaneous', 'color': 'white'}\"}}}, 'clickEvent': {'action': 'change_page', 'value': '5'}}, '\\u0022', {'text':'\\u0021', 'hoverEvent': {'action': 'show_item', 'contents': {'id': 'command_block', 'components': {'item_name': \"{'translate':'tribe_civilization.material', 'color': 'white'}\"}}}, 'clickEvent': {'action': 'change_page', 'value': '4'}}, {'text':'\\u0021\\n', 'hoverEvent': {'action': 'show_item', 'contents': {'id': 'golden_apple', 'components': {'item_name': \"{'translate':'tribe_civilization.miscellaneous', 'color': 'white'}\"}}}, 'clickEvent': {'action': 'change_page', 'value': '5'}}]","[{'text':'', 'font': 'tribe_civilization:manual', 'color': 'white'}, {'text':'➤ ', 'font': 'minecraft:default', 'color': 'black'}, {'text':'Material\\n', 'font': 'minecraft:default', 'color': 'black', 'underlined': True}, '\\u0022\\u1023\\n\\u0022', {'text':'\\u0024\\u8021', 'hoverEvent': {'action': 'show_item', 'contents': {'id': 'command_block', 'components': {'item_name': '{\"translate\":\"tribe_civilization.astral_powder\", \"italic\": false, \"color\": \"white\"}'}}}, 'clickEvent': {'action': 'change_page', 'value': '6'}}, {'text':'\\u0024\\u8023', 'hoverEvent': {'action': 'show_item', 'contents': {'id': 'command_block', 'components': {'item_name': '{\"translate\":\"tribe_civilization.diamond_meteorite\", \"italic\": false, \"color\": \"white\"}'}}}, 'clickEvent': {'action': 'change_page', 'value': '7'}}, {'text':'\\u0024\\u8025', 'hoverEvent': {'action': 'show_item', 'contents': {'id': 'command_block', 'components': {'item_name': '{\"translate\":\"tribe_civilization.emerald_meteorite\", \"italic\": false, \"color\": \"white\"}'}}}, 'clickEvent': {'action': 'change_page', 'value': '8'}}, {'text':'\\u0024\\u8027', 'hoverEvent': {'action': 'show_item', 'contents': {'id': 'command_block', 'components': {'item_name': '{\"translate\":\"tribe_civilization.iron_meteorite\", \"italic\": false, \"color\": \"white\"}'}}}, 'clickEvent': {'action': 'change_page', 'value': '9'}}, {'text':'\\u0024\\u8029\\n', 'hoverEvent': {'action': 'show_item', 'contents': {'id': 'command_block', 'components': {'item_name': '{\"translate\":\"tribe_civilization.zinc_meteorite\", \"italic\": false, \"color\": \"white\"}'}}}, 'clickEvent': {'action': 'change_page', 'value': '10'}}, '\\u0022', {'text':'\\u0021', 'hoverEvent': {'action': 'show_item', 'contents': {'id': 'command_block', 'components': {'item_name': '{\"translate\":\"tribe_civilization.astral_powder\", \"italic\": false, \"color\": \"white\"}'}}}, 'clickEvent': {'action': 'change_page', 'value': '6'}}, {'text':'\\u0021', 'hoverEvent': {'action': 'show_item', 'contents': {'id': 'command_block', 'components': {'item_name': '{\"translate\":\"tribe_civilization.diamond_meteorite\", \"italic\": false, \"color\": \"white\"}'}}}, 'clickEvent': {'action': 'change_page', 'value': '7'}}, {'text':'\\u0021', 'hoverEvent': {'action': 'show_item', 'contents': {'id': 'command_block', 'components': {'item_name': '{\"translate\":\"tribe_civilization.emerald_meteorite\", \"italic\": false, \"color\": \"white\"}'}}}, 'clickEvent': {'action': 'change_page', 'value': '8'}}, {'text':'\\u0021', 'hoverEvent': {'action': 'show_item', 'contents': {'id': 'command_block', 'components': {'item_name': '{\"translate\":\"tribe_civilization.iron_meteorite\", \"italic\": false, \"color\": \"white\"}'}}}, 'clickEvent': {'action': 'change_page', 'value': '9'}}, {'text':'\\u0021\\n', 'hoverEvent': {'action': 'show_item', 'contents': {'id': 'command_block', 'components': {'item_name': '{\"translate\":\"tribe_civilization.zinc_meteorite\", \"italic\": false, \"color\": \"white\"}'}}}, 'clickEvent': {'action': 'change_page', 'value': '10'}}, '\\u0022', {'text':'\\u0024\\u802b', 'hoverEvent': {'action': 'show_item', 'contents': {'id': 'command_block', 'components': {'item_name': '{\"translate\":\"tribe_civilization.blue_star\", \"italic\": false, \"color\": \"white\"}'}}}, 'clickEvent': {'action': 'change_page', 'value': '11'}}, {'text':'\\u0024\\u802d', 'hoverEvent': {'action': 'show_item', 'contents': {'id': 'command_block', 'components': {'item_name': '{\"translate\":\"tribe_civilization.purple_crystal\", \"italic\": false, \"color\": \"white\"}'}}}, 'clickEvent': {'action': 'change_page', 'value': '12'}}, {'text':'\\u0024\\u802f', 'hoverEvent': {'action': 'show_item', 'contents': {'id': 'command_block', 'components': {'item_name': '{\"translate\":\"tribe_civilization.yellow_crystal\", \"italic\": false, \"color\": \"white\"}'}}}, 'clickEvent': {'action': 'change_page', 'value': '13'}}, {'text':'\\u0024\\u8031', 'hoverEvent': {'action': 'show_item', 'contents': {'id': 'command_block', 'components': {'item_name': '{\"translate\":\"tribe_civilization.green_crystal\", \"italic\": false, \"color\": \"white\"}'}}}, 'clickEvent': {'action': 'change_page', 'value': '14'}}, {'text':'\\u0024\\u8033\\n', 'hoverEvent': {'action': 'show_item', 'contents': {'id': 'command_block', 'components': {'item_name': '{\"translate\":\"tribe_civilization.cyan_crystal\", \"italic\": false, \"color\": \"white\"}'}}}, 'clickEvent': {'action': 'change_page', 'value': '15'}}, '\\u0022', {'text':'\\u0021', 'hoverEvent': {'action': 'show_item', 'contents': {'id': 'command_block', 'components': {'item_name': '{\"translate\":\"tribe_civilization.blue_star\", \"italic\": false, \"color\": \"white\"}'}}}, 'clickEvent': {'action': 'change_page', 'value': '11'}}, {'text':'\\u0021', 'hoverEvent': {'action': 'show_item', 'contents': {'id': 'command_block', 'components': {'item_name': '{\"translate\":\"tribe_civilization.purple_crystal\", \"italic\": false, \"color\": \"white\"}'}}}, 'clickEvent': {'action': 'change_page', 'value': '12'}}, {'text':'\\u0021', 'hoverEvent': {'action': 'show_item', 'contents': {'id': 'command_block', 'components': {'item_name': '{\"translate\":\"tribe_civilization.yellow_crystal\", \"italic\": false, \"color\": \"white\"}'}}}, 'clickEvent': {'action': 'change_page', 'value': '13'}}, {'text':'\\u0021', 'hoverEvent': {'action': 'show_item', 'contents': {'id': 'command_block', 'components': {'item_name': '{\"translate\":\"tribe_civilization.green_crystal\", \"italic\": false, \"color\": \"white\"}'}}}, 'clickEvent': {'action': 'change_page', 'value': '14'}}, {'text':'\\u0021\\n', 'hoverEvent': {'action': 'show_item', 'contents': {'id': 'command_block', 'components': {'item_name': '{\"translate\":\"tribe_civilization.cyan_crystal\", \"italic\": false, \"color\": \"white\"}'}}}, 'clickEvent': {'action': 'change_page', 'value': '15'}}]","[{'text':'', 'font': 'tribe_civilization:manual', 'color': 'white'}, {'text':'➤ ', 'font': 'minecraft:default', 'color': 'black'}, {'text':'Miscellaneous\\n', 'font': 'minecraft:default', 'color': 'black', 'underlined': True}, '\\u0022\\u1024\\n\\u0022', {'text':'\\u0024\\u8035', 'hoverEvent': {'action': 'show_item', 'contents': {'id': 'golden_apple', 'components': {'item_name': '{\"translate\":\"tribe_civilization.gold_fish\", \"italic\": false, \"color\": \"white\"}'}}}, 'clickEvent': {'action': 'change_page', 'value': '16'}}, {'text':'\\u0024\\u8037', 'hoverEvent': {'action': 'show_item', 'contents': {'id': 'golden_apple', 'components': {'item_name': '{\"translate\":\"tribe_civilization.life_crystal\", \"italic\": false, \"color\": \"white\"}'}}}, 'clickEvent': {'action': 'change_page', 'value': '17'}}, {'text':'\\u0024\\u8039', 'hoverEvent': {'action': 'show_item', 'contents': {'id': 'command_block', 'components': {'item_name': '{\"translate\":\"tribe_civilization.lunar_compass\", \"italic\": false, \"color\": \"white\"}'}}}, 'clickEvent': {'action': 'change_page', 'value': '18'}}, {'text':'\\u0024\\u803b\\n', 'hoverEvent': {'action': 'show_item', 'contents': {'id': 'command_block', 'components': {'item_name': '{\"translate\":\"tribe_civilization.letter\", \"italic\": false, \"color\": \"white\"}'}}}, 'clickEvent': {'action': 'change_page', 'value': '19'}}, '\\u0022', {'text':'\\u0021', 'hoverEvent': {'action': 'show_item', 'contents': {'id': 'golden_apple', 'components': {'item_name': '{\"translate\":\"tribe_civilization.gold_fish\", \"italic\": false, \"color\": \"white\"}'}}}, 'clickEvent': {'action': 'change_page', 'value': '16'}}, {'text':'\\u0021', 'hoverEvent': {'action': 'show_item', 'contents': {'id': 'golden_apple', 'components': {'item_name': '{\"translate\":\"tribe_civilization.life_crystal\", \"italic\": false, \"color\": \"white\"}'}}}, 'clickEvent': {'action': 'change_page', 'value': '17'}}, {'text':'\\u0021', 'hoverEvent': {'action': 'show_item', 'contents': {'id': 'command_block', 'components': {'item_name': '{\"translate\":\"tribe_civilization.lunar_compass\", \"italic\": false, \"color\": \"white\"}'}}}, 'clickEvent': {'action': 'change_page', 'value': '18'}}, {'text':'\\u0021\\n', 'hoverEvent': {'action': 'show_item', 'contents': {'id': 'command_block', 'components': {'item_name': '{\"translate\":\"tribe_civilization.letter\", \"italic\": false, \"color\": \"white\"}'}}}, 'clickEvent': {'action': 'change_page', 'value': '19'}}]","[{'text':'', 'font': 'tribe_civilization:manual', 'color': 'white'}, {'text':'Astral Powder\\n', 'font': 'minecraft:default', 'color': 'black', 'underlined': True}, '\\u0022\\u0029\\n\\u0022', {'text':'\\u0024\\u802b\\n', 'hoverEvent': {'action': 'show_item', 'contents': {'id': 'command_block', 'components': {'item_name': '{\"translate\":\"tribe_civilization.blue_star\", \"italic\": false, \"color\": \"white\"}', 'lore': ['[\"\", {\"text\":\"I\", \"color\": \"white\", \"italic\": false, \"font\": \"tribe_civilization:icons\"}, {\"translate\":\"tribe_civilization\", \"italic\": true, \"color\": \"blue\"}]']}}}, 'clickEvent': {'action': 'change_page', 'value': '11'}}, '\\u0022', {'text':'\\u0031\\u0024', 'hoverEvent': {'action': 'show_item', 'contents': {'id': 'command_block', 'components': {'item_name': '{\"translate\":\"tribe_civilization.blue_star\", \"italic\": false, \"color\": \"white\"}', 'lore': ['[\"\", {\"text\":\"I\", \"color\": \"white\", \"italic\": false, \"font\": \"tribe_civilization:icons\"}, {\"translate\":\"tribe_civilization\", \"italic\": true, \"color\": \"blue\"}]']}}}, 'clickEvent': {'action': 'change_page', 'value': '11'}}, '\\u0031\\u0024\\u0031\\u0024', {'text':'\\u0024\\u0024\\u803d', 'hoverEvent': {'action': 'show_item', 'contents': {'id': 'command_block', 'components': {'item_name': '{\"translate\":\"tribe_civilization.astral_powder\", \"italic\": false, \"color\": \"white\"}', 'lore': ['[\"\", {\"text\":\"I\", \"color\": \"white\", \"italic\": false, \"font\": \"tribe_civilization:icons\"}, {\"translate\":\"tribe_civilization\", \"italic\": true, \"color\": \"blue\"}]']}}}}, '\\n\\u0022\\u0031\\u0024\\u0031\\u0024\\u0031\\u0024', {'text':'\\u0031\\u0024\\n\\n\\n', 'hoverEvent': {'action': 'show_item', 'contents': {'id': 'command_block', 'components': {'item_name': '{\"translate\":\"tribe_civilization.astral_powder\", \"italic\": false, \"color\": \"white\"}', 'lore': ['[\"\", {\"text\":\"I\", \"color\": \"white\", \"italic\": false, \"font\": \"tribe_civilization:icons\"}, {\"translate\":\"tribe_civilization\", \"italic\": true, \"color\": \"blue\"}]']}}}}, {'text':'\\u0027\\u0023\\u0023', 'hoverEvent': {'action': 'show_text', 'contents': [{'text':''}, [{'text':'', 'font': 'tribe_civilization:manual', 'color': 'white'}, '\\u0022\\u002d\\n\\u0022\\u0024\\u802b\\n\\u0022\\u0031\\u0024\\u0031\\u0024\\u0031\\u0024\\u0024\\u0024\\u803d\\n\\u0022\\u0031\\u0024\\u0031\\u0024\\u0031\\u0024\\u0031\\u0024\\n\\n'], {'translate':'tribe_civilization.x1_blue_star', 'color': 'gray'}]}}, {'text':'\\u8047\\n', 'hoverEvent': {'action': 'show_text', 'contents': [{'text':''}, [{'text':'', 'font': 'tribe_civilization:manual', 'color': 'white'}, '\\u0022\\u002e\\n\\u0022\\u0024\\u8021\\u0024\\u802d\\u0024\\u802f\\n\\u0022\\u0031\\u0024\\u0031\\u0024\\u0031\\u0024\\n\\u0022\\u0024\\u8031\\u0024\\u8033\\u0031\\u0024\\u0022\\u0022\\u0024\\u0024\\u8037\\n\\u0022\\u0031\\u0024\\u0031\\u0024\\u0031\\u0024\\u0022\\u0022\\u0031\\u0024\\n\\n\\n'], {'translate':'tribe_civilization.x1_astral_powder_x1_purple_crystal_x1_yellow_crystal_x1_green_c', 'color': 'gray'}]}, 'clickEvent': {'action': 'change_page', 'value': '17'}}, {'text':'\\u0025\\u0023\\u0023', 'hoverEvent': {'action': 'show_text', 'contents': [{'text':''}, [{'text':'', 'font': 'tribe_civilization:manual', 'color': 'white'}, '\\u0022\\u002d\\n\\u0022\\u0024\\u802b\\n\\u0022\\u0031\\u0024\\u0031\\u0024\\u0031\\u0024\\u0024\\u0024\\u803d\\n\\u0022\\u0031\\u0024\\u0031\\u0024\\u0031\\u0024\\u0031\\u0024\\n\\n'], {'translate':'tribe_civilization.x1_blue_star', 'color': 'gray'}]}}, {'text':'\\u0025\\u0023\\u0023', 'hoverEvent': {'action': 'show_text', 'contents': [{'text':''}, [{'text':'', 'font': 'tribe_civilization:manual', 'color': 'white'}, '\\u0022\\u002e\\n\\u0022\\u0024\\u8021\\u0024\\u802d\\u0024\\u802f\\n\\u0022\\u0031\\u0024\\u0031\\u0024\\u0031\\u0024\\n\\u0022\\u0024\\u8031\\u0024\\u8033\\u0031\\u0024\\u0022\\u0022\\u0024\\u0024\\u8037\\n\\u0022\\u0031\\u0024\\u0031\\u0024\\u0031\\u0024\\u0022\\u0022\\u0031\\u0024\\n\\n\\n'], {'translate':'tribe_civilization.x1_astral_powder_x1_purple_crystal_x1_yellow_crystal_x1_green_c', 'color': 'gray'}]}, 'clickEvent': {'action': 'change_page', 'value': '17'}}]","[{'text':'', 'font': 'tribe_civilization:manual', 'color': 'white'}, {'text':'Diamond Meteorite\\n', 'font': 'minecraft:default', 'color': 'black', 'underlined': True}, '\\u0021\\u0021\\u1026\\n\\u0021\\u0021', {'text':'\\u0020\\u0020\\n', 'hoverEvent': {'action': 'show_item', 'contents': {'id': 'command_block', 'components': {'item_name': '{\"translate\":\"tribe_civilization.diamond_meteorite\", \"italic\": false, \"color\": \"white\"}', 'lore': ['[\"\", {\"text\":\"I\", \"color\": \"white\", \"italic\": false, \"font\": \"tribe_civilization:icons\"}, {\"translate\":\"tribe_civilization\", \"italic\": true, \"color\": \"blue\"}]']}}}, 'clickEvent': {'action': 'change_page', 'value': '7'}}, '\\u0021\\u0021', {'text':'\\u0020\\u0020\\n', 'hoverEvent': {'action': 'show_item', 'contents': {'id': 'command_block', 'components': {'item_name': '{\"translate\":\"tribe_civilization.diamond_meteorite\", \"italic\": false, \"color\": \"white\"}', 'lore': ['[\"\", {\"text\":\"I\", \"color\": \"white\", \"italic\": false, \"font\": \"tribe_civilization:icons\"}, {\"translate\":\"tribe_civilization\", \"italic\": true, \"color\": \"blue\"}]']}}}, 'clickEvent': {'action': 'change_page', 'value': '7'}}, '\\u0021\\u0021', {'text':'\\u0020\\u0020\\n', 'hoverEvent': {'action': 'show_item', 'contents': {'id': 'command_block', 'components': {'item_name': '{\"translate\":\"tribe_civilization.diamond_meteorite\", \"italic\": false, \"color\": \"white\"}', 'lore': ['[\"\", {\"text\":\"I\", \"color\": \"white\", \"italic\": false, \"font\": \"tribe_civilization:icons\"}, {\"translate\":\"tribe_civilization\", \"italic\": true, \"color\": \"blue\"}]']}}}, 'clickEvent': {'action': 'change_page', 'value': '7'}}, '\\u0021\\u0021', {'text':'\\u0020\\u0020\\n\\n', 'hoverEvent': {'action': 'show_item', 'contents': {'id': 'command_block', 'components': {'item_name': '{\"translate\":\"tribe_civilization.diamond_meteorite\", \"italic\": false, \"color\": \"white\"}', 'lore': ['[\"\", {\"text\":\"I\", \"color\": \"white\", \"italic\": false, \"font\": \"tribe_civilization:icons\"}, {\"translate\":\"tribe_civilization\", \"italic\": true, \"color\": \"blue\"}]']}}}, 'clickEvent': {'action': 'change_page', 'value': '7'}}, {'text':'\\u804f\\n', 'hoverEvent': {'action': 'show_text', 'contents': [{'text':''}, [{'text':'', 'font': 'tribe_civilization:manual', 'color': 'white'}, '\\u0022\\u002e\\n\\u0022\\u0024\\u8023\\u0024\\u8025\\u0024\\u8027\\n\\u0022\\u0031\\u0024\\u0031\\u0024\\u0031\\u0024\\n\\u0022\\u0024\\u8029\\u0024\\u802b\\u0031\\u0024\\u0022\\u0022\\u0024\\u0024\\u8039\\n\\u0022\\u0031\\u0024\\u0031\\u0024\\u0031\\u0024\\u0022\\u0022\\u0031\\u0024\\n\\n\\n'], {'translate':'tribe_civilization.x1_diamond_meteorite_x1_emerald_meteorite_x1_iron_meteorite_x1', 'color': 'gray'}]}, 'clickEvent': {'action': 'change_page', 'value': '18'}}, {'text':'\\u0025\\u0023\\u0023', 'hoverEvent': {'action': 'show_text', 'contents': [{'text':''}, [{'text':'', 'font': 'tribe_civilization:manual', 'color': 'white'}, '\\u0022\\u002e\\n\\u0022\\u0024\\u8023\\u0024\\u8025\\u0024\\u8027\\n\\u0022\\u0031\\u0024\\u0031\\u0024\\u0031\\u0024\\n\\u0022\\u0024\\u8029\\u0024\\u802b\\u0031\\u0024\\u0022\\u0022\\u0024\\u0024\\u8039\\n\\u0022\\u0031\\u0024\\u0031\\u0024\\u0031\\u0024\\u0022\\u0022\\u0031\\u0024\\n\\n\\n'], {'translate':'tribe_civilization.x1_diamond_meteorite_x1_emerald_meteorite_x1_iron_meteorite_x1', 'color': 'gray'}]}, 'clickEvent': {'action': 'change_page', 'value': '18'}}]","[{'text':'', 'font': 'tribe_civilization:manual', 'color': 'white'}, {'text':'Emerald Meteorite\\n', 'font': 'minecraft:default', 'color': 'black', 'underlined': True}, '\\u0021\\u0021\\u1027\\n\\u0021\\u0021', {'text':'\\u0020\\u0020\\n', 'hoverEvent': {'action': 'show_item', 'contents': {'id': 'command_block', 'components': {'item_name': '{\"translate\":\"tribe_civilization.emerald_meteorite\", \"italic\": false, \"color\": \"white\"}', 'lore': ['[\"\", {\"text\":\"I\", \"color\": \"white\", \"italic\": false, \"font\": \"tribe_civilization:icons\"}, {\"translate\":\"tribe_civilization\", \"italic\": true, \"color\": \"blue\"}]']}}}, 'clickEvent': {'action': 'change_page', 'value': '8'}}, '\\u0021\\u0021', {'text':'\\u0020\\u0020\\n', 'hoverEvent': {'action': 'show_item', 'contents': {'id': 'command_block', 'components': {'item_name': '{\"translate\":\"tribe_civilization.emerald_meteorite\", \"italic\": false, \"color\": \"white\"}', 'lore': ['[\"\", {\"text\":\"I\", \"color\": \"white\", \"italic\": false, \"font\": \"tribe_civilization:icons\"}, {\"translate\":\"tribe_civilization\", \"italic\": true, \"color\": \"blue\"}]']}}}, 'clickEvent': {'action': 'change_page', 'value': '8'}}, '\\u0021\\u0021', {'text':'\\u0020\\u0020\\n', 'hoverEvent': {'action': 'show_item', 'contents': {'id': 'command_block', 'components': {'item_name': '{\"translate\":\"tribe_civilization.emerald_meteorite\", \"italic\": false, \"color\": \"white\"}', 'lore': ['[\"\", {\"text\":\"I\", \"color\": \"white\", \"italic\": false, \"font\": \"tribe_civilization:icons\"}, {\"translate\":\"tribe_civilization\", \"italic\": true, \"color\": \"blue\"}]']}}}, 'clickEvent': {'action': 'change_page', 'value': '8'}}, '\\u0021\\u0021', {'text':'\\u0020\\u0020\\n\\n', 'hoverEvent': {'action': 'show_item', 'contents': {'id': 'command_block', 'components': {'item_name': '{\"translate\":\"tribe_civilization.emerald_meteorite\", \"italic\": false, \"color\": \"white\"}', 'lore': ['[\"\", {\"text\":\"I\", \"color\": \"white\", \"italic\": false, \"font\": \"tribe_civilization:icons\"}, {\"translate\":\"tribe_civilization\", \"italic\": true, \"color\": \"blue\"}]']}}}, 'clickEvent': {'action': 'change_page', 'value': '8'}}, {'text':'\\u8057\\n', 'hoverEvent': {'action': 'show_text', 'contents': [{'text':''}, [{'text':'', 'font': 'tribe_civilization:manual', 'color': 'white'}, '\\u0022\\u002e\\n\\u0022\\u0024\\u8023\\u0024\\u8025\\u0024\\u8027\\n\\u0022\\u0031\\u0024\\u0031\\u0024\\u0031\\u0024\\n\\u0022\\u0024\\u8029\\u0024\\u802b\\u0031\\u0024\\u0022\\u0022\\u0024\\u0024\\u8039\\n\\u0022\\u0031\\u0024\\u0031\\u0024\\u0031\\u0024\\u0022\\u0022\\u0031\\u0024\\n\\n\\n'], {'translate':'tribe_civilization.x1_diamond_meteorite_x1_emerald_meteorite_x1_iron_meteorite_x1', 'color': 'gray'}]}, 'clickEvent': {'action': 'change_page', 'value': '18'}}, {'text':'\\u0025\\u0023\\u0023', 'hoverEvent': {'action': 'show_text', 'contents': [{'text':''}, [{'text':'', 'font': 'tribe_civilization:manual', 'color': 'white'}, '\\u0022\\u002e\\n\\u0022\\u0024\\u8023\\u0024\\u8025\\u0024\\u8027\\n\\u0022\\u0031\\u0024\\u0031\\u0024\\u0031\\u0024\\n\\u0022\\u0024\\u8029\\u0024\\u802b\\u0031\\u0024\\u0022\\u0022\\u0024\\u0024\\u8039\\n\\u0022\\u0031\\u0024\\u0031\\u0024\\u0031\\u0024\\u0022\\u0022\\u0031\\u0024\\n\\n\\n'], {'translate':'tribe_civilization.x1_diamond_meteorite_x1_emerald_meteorite_x1_iron_meteorite_x1', 'color': 'gray'}]}, 'clickEvent': {'action': 'change_page', 'value': '18'}}]","[{'text':'', 'font': 'tribe_civilization:manual', 'color': 'white'}, {'text':'Iron Meteorite\\n', 'font': 'minecraft:default', 'color': 'black', 'underlined': True}, '\\u0021\\u0021\\u1028\\n\\u0021\\u0021', {'text':'\\u0020\\u0020\\n', 'hoverEvent': {'action': 'show_item', 'contents': {'id': 'command_block', 'components': {'item_name': '{\"translate\":\"tribe_civilization.iron_meteorite\", \"italic\": false, \"color\": \"white\"}', 'lore': ['[\"\", {\"text\":\"I\", \"color\": \"white\", \"italic\": false, \"font\": \"tribe_civilization:icons\"}, {\"translate\":\"tribe_civilization\", \"italic\": true, \"color\": \"blue\"}]']}}}, 'clickEvent': {'action': 'change_page', 'value': '9'}}, '\\u0021\\u0021', {'text':'\\u0020\\u0020\\n', 'hoverEvent': {'action': 'show_item', 'contents': {'id': 'command_block', 'components': {'item_name': '{\"translate\":\"tribe_civilization.iron_meteorite\", \"italic\": false, \"color\": \"white\"}', 'lore': ['[\"\", {\"text\":\"I\", \"color\": \"white\", \"italic\": false, \"font\": \"tribe_civilization:icons\"}, {\"translate\":\"tribe_civilization\", \"italic\": true, \"color\": \"blue\"}]']}}}, 'clickEvent': {'action': 'change_page', 'value': '9'}}, '\\u0021\\u0021', {'text':'\\u0020\\u0020\\n', 'hoverEvent': {'action': 'show_item', 'contents': {'id': 'command_block', 'components': {'item_name': '{\"translate\":\"tribe_civilization.iron_meteorite\", \"italic\": false, \"color\": \"white\"}', 'lore': ['[\"\", {\"text\":\"I\", \"color\": \"white\", \"italic\": false, \"font\": \"tribe_civilization:icons\"}, {\"translate\":\"tribe_civilization\", \"italic\": true, \"color\": \"blue\"}]']}}}, 'clickEvent': {'action': 'change_page', 'value': '9'}}, '\\u0021\\u0021', {'text':'\\u0020\\u0020\\n\\n', 'hoverEvent': {'action': 'show_item', 'contents': {'id': 'command_block', 'components': {'item_name': '{\"translate\":\"tribe_civilization.iron_meteorite\", \"italic\": false, \"color\": \"white\"}', 'lore': ['[\"\", {\"text\":\"I\", \"color\": \"white\", \"italic\": false, \"font\": \"tribe_civilization:icons\"}, {\"translate\":\"tribe_civilization\", \"italic\": true, \"color\": \"blue\"}]']}}}, 'clickEvent': {'action': 'change_page', 'value': '9'}}, {'text':'\\u805f\\n', 'hoverEvent': {'action': 'show_text', 'contents': [{'text':''}, [{'text':'', 'font': 'tribe_civilization:manual', 'color': 'white'}, '\\u0022\\u002e\\n\\u0022\\u0024\\u8023\\u0024\\u8025\\u0024\\u8027\\n\\u0022\\u0031\\u0024\\u0031\\u0024\\u0031\\u0024\\n\\u0022\\u0024\\u8029\\u0024\\u802b\\u0031\\u0024\\u0022\\u0022\\u0024\\u0024\\u8039\\n\\u0022\\u0031\\u0024\\u0031\\u0024\\u0031\\u0024\\u0022\\u0022\\u0031\\u0024\\n\\n\\n'], {'translate':'tribe_civilization.x1_diamond_meteorite_x1_emerald_meteorite_x1_iron_meteorite_x1', 'color': 'gray'}]}, 'clickEvent': {'action': 'change_page', 'value': '18'}}, {'text':'\\u0025\\u0023\\u0023', 'hoverEvent': {'action': 'show_text', 'contents': [{'text':''}, [{'text':'', 'font': 'tribe_civilization:manual', 'color': 'white'}, '\\u0022\\u002e\\n\\u0022\\u0024\\u8023\\u0024\\u8025\\u0024\\u8027\\n\\u0022\\u0031\\u0024\\u0031\\u0024\\u0031\\u0024\\n\\u0022\\u0024\\u8029\\u0024\\u802b\\u0031\\u0024\\u0022\\u0022\\u0024\\u0024\\u8039\\n\\u0022\\u0031\\u0024\\u0031\\u0024\\u0031\\u0024\\u0022\\u0022\\u0031\\u0024\\n\\n\\n'], {'translate':'tribe_civilization.x1_diamond_meteorite_x1_emerald_meteorite_x1_iron_meteorite_x1', 'color': 'gray'}]}, 'clickEvent': {'action': 'change_page', 'value': '18'}}]","[{'text':'', 'font': 'tribe_civilization:manual', 'color': 'white'}, {'text':'Zinc Meteorite\\n', 'font': 'minecraft:default', 'color': 'black', 'underlined': True}, '\\u0021\\u0021\\u1029\\n\\u0021\\u0021', {'text':'\\u0020\\u0020\\n', 'hoverEvent': {'action': 'show_item', 'contents': {'id': 'command_block', 'components': {'item_name': '{\"translate\":\"tribe_civilization.zinc_meteorite\", \"italic\": false, \"color\": \"white\"}', 'lore': ['[\"\", {\"text\":\"I\", \"color\": \"white\", \"italic\": false, \"font\": \"tribe_civilization:icons\"}, {\"translate\":\"tribe_civilization\", \"italic\": true, \"color\": \"blue\"}]']}}}, 'clickEvent': {'action': 'change_page', 'value': '10'}}, '\\u0021\\u0021', {'text':'\\u0020\\u0020\\n', 'hoverEvent': {'action': 'show_item', 'contents': {'id': 'command_block', 'components': {'item_name': '{\"translate\":\"tribe_civilization.zinc_meteorite\", \"italic\": false, \"color\": \"white\"}', 'lore': ['[\"\", {\"text\":\"I\", \"color\": \"white\", \"italic\": false, \"font\": \"tribe_civilization:icons\"}, {\"translate\":\"tribe_civilization\", \"italic\": true, \"color\": \"blue\"}]']}}}, 'clickEvent': {'action': 'change_page', 'value': '10'}}, '\\u0021\\u0021', {'text':'\\u0020\\u0020\\n', 'hoverEvent': {'action': 'show_item', 'contents': {'id': 'command_block', 'components': {'item_name': '{\"translate\":\"tribe_civilization.zinc_meteorite\", \"italic\": false, \"color\": \"white\"}', 'lore': ['[\"\", {\"text\":\"I\", \"color\": \"white\", \"italic\": false, \"font\": \"tribe_civilization:icons\"}, {\"translate\":\"tribe_civilization\", \"italic\": true, \"color\": \"blue\"}]']}}}, 'clickEvent': {'action': 'change_page', 'value': '10'}}, '\\u0021\\u0021', {'text':'\\u0020\\u0020\\n\\n', 'hoverEvent': {'action': 'show_item', 'contents': {'id': 'command_block', 'components': {'item_name': '{\"translate\":\"tribe_civilization.zinc_meteorite\", \"italic\": false, \"color\": \"white\"}', 'lore': ['[\"\", {\"text\":\"I\", \"color\": \"white\", \"italic\": false, \"font\": \"tribe_civilization:icons\"}, {\"translate\":\"tribe_civilization\", \"italic\": true, \"color\": \"blue\"}]']}}}, 'clickEvent': {'action': 'change_page', 'value': '10'}}, {'text':'\\u8067\\n', 'hoverEvent': {'action': 'show_text', 'contents': [{'text':''}, [{'text':'', 'font': 'tribe_civilization:manual', 'color': 'white'}, '\\u0022\\u002e\\n\\u0022\\u0024\\u8023\\u0024\\u8025\\u0024\\u8027\\n\\u0022\\u0031\\u0024\\u0031\\u0024\\u0031\\u0024\\n\\u0022\\u0024\\u8029\\u0024\\u802b\\u0031\\u0024\\u0022\\u0022\\u0024\\u0024\\u8039\\n\\u0022\\u0031\\u0024\\u0031\\u0024\\u0031\\u0024\\u0022\\u0022\\u0031\\u0024\\n\\n\\n'], {'translate':'tribe_civilization.x1_diamond_meteorite_x1_emerald_meteorite_x1_iron_meteorite_x1', 'color': 'gray'}]}, 'clickEvent': {'action': 'change_page', 'value': '18'}}, {'text':'\\u0025\\u0023\\u0023', 'hoverEvent': {'action': 'show_text', 'contents': [{'text':''}, [{'text':'', 'font': 'tribe_civilization:manual', 'color': 'white'}, '\\u0022\\u002e\\n\\u0022\\u0024\\u8023\\u0024\\u8025\\u0024\\u8027\\n\\u0022\\u0031\\u0024\\u0031\\u0024\\u0031\\u0024\\n\\u0022\\u0024\\u8029\\u0024\\u802b\\u0031\\u0024\\u0022\\u0022\\u0024\\u0024\\u8039\\n\\u0022\\u0031\\u0024\\u0031\\u0024\\u0031\\u0024\\u0022\\u0022\\u0031\\u0024\\n\\n\\n'], {'translate':'tribe_civilization.x1_diamond_meteorite_x1_emerald_meteorite_x1_iron_meteorite_x1', 'color': 'gray'}]}, 'clickEvent': {'action': 'change_page', 'value': '18'}}]","[{'text':'', 'font': 'tribe_civilization:manual', 'color': 'white'}, {'text':'Blue Star\\n', 'font': 'minecraft:default', 'color': 'black', 'underlined': True}, '\\u0021\\u0021\\u102a\\n\\u0021\\u0021', {'text':'\\u0020\\u0020\\n', 'hoverEvent': {'action': 'show_item', 'contents': {'id': 'command_block', 'components': {'item_name': '{\"translate\":\"tribe_civilization.blue_star\", \"italic\": false, \"color\": \"white\"}', 'lore': ['[\"\", {\"text\":\"I\", \"color\": \"white\", \"italic\": false, \"font\": \"tribe_civilization:icons\"}, {\"translate\":\"tribe_civilization\", \"italic\": true, \"color\": \"blue\"}]']}}}, 'clickEvent': {'action': 'change_page', 'value': '11'}}, '\\u0021\\u0021', {'text':'\\u0020\\u0020\\n', 'hoverEvent': {'action': 'show_item', 'contents': {'id': 'command_block', 'components': {'item_name': '{\"translate\":\"tribe_civilization.blue_star\", \"italic\": false, \"color\": \"white\"}', 'lore': ['[\"\", {\"text\":\"I\", \"color\": \"white\", \"italic\": false, \"font\": \"tribe_civilization:icons\"}, {\"translate\":\"tribe_civilization\", \"italic\": true, \"color\": \"blue\"}]']}}}, 'clickEvent': {'action': 'change_page', 'value': '11'}}, '\\u0021\\u0021', {'text':'\\u0020\\u0020\\n', 'hoverEvent': {'action': 'show_item', 'contents': {'id': 'command_block', 'components': {'item_name': '{\"translate\":\"tribe_civilization.blue_star\", \"italic\": false, \"color\": \"white\"}', 'lore': ['[\"\", {\"text\":\"I\", \"color\": \"white\", \"italic\": false, \"font\": \"tribe_civilization:icons\"}, {\"translate\":\"tribe_civilization\", \"italic\": true, \"color\": \"blue\"}]']}}}, 'clickEvent': {'action': 'change_page', 'value': '11'}}, '\\u0021\\u0021', {'text':'\\u0020\\u0020\\n\\n', 'hoverEvent': {'action': 'show_item', 'contents': {'id': 'command_block', 'components': {'item_name': '{\"translate\":\"tribe_civilization.blue_star\", \"italic\": false, \"color\": \"white\"}', 'lore': ['[\"\", {\"text\":\"I\", \"color\": \"white\", \"italic\": false, \"font\": \"tribe_civilization:icons\"}, {\"translate\":\"tribe_civilization\", \"italic\": true, \"color\": \"blue\"}]']}}}, 'clickEvent': {'action': 'change_page', 'value': '11'}}, {'text':'\\u806b\\u0023\\u0023', 'hoverEvent': {'action': 'show_text', 'contents': [{'text':''}, [{'text':'', 'font': 'tribe_civilization:manual', 'color': 'white'}, '\\u0022\\u002d\\n\\u0022\\u0024\\u802b\\n\\u0022\\u0031\\u0024\\u0031\\u0024\\u0031\\u0024\\u0024\\u0024\\u803d\\n\\u0022\\u0031\\u0024\\u0031\\u0024\\u0031\\u0024\\u0031\\u0024\\n\\n'], {'translate':'tribe_civilization.x1_blue_star', 'color': 'gray'}]}, 'clickEvent': {'action': 'change_page', 'value': '6'}}, {'text':'\\u8072\\n', 'hoverEvent': {'action': 'show_text', 'contents': [{'text':''}, [{'text':'', 'font': 'tribe_civilization:manual', 'color': 'white'}, '\\u0022\\u002e\\n\\u0022\\u0024\\u8023\\u0024\\u8025\\u0024\\u8027\\n\\u0022\\u0031\\u0024\\u0031\\u0024\\u0031\\u0024\\n\\u0022\\u0024\\u8029\\u0024\\u802b\\u0031\\u0024\\u0022\\u0022\\u0024\\u0024\\u8039\\n\\u0022\\u0031\\u0024\\u0031\\u0024\\u0031\\u0024\\u0022\\u0022\\u0031\\u0024\\n\\n\\n'], {'translate':'tribe_civilization.x1_diamond_meteorite_x1_emerald_meteorite_x1_iron_meteorite_x1', 'color': 'gray'}]}, 'clickEvent': {'action': 'change_page', 'value': '18'}}, {'text':'\\u0025\\u0023\\u0023', 'hoverEvent': {'action': 'show_text', 'contents': [{'text':''}, [{'text':'', 'font': 'tribe_civilization:manual', 'color': 'white'}, '\\u0022\\u002d\\n\\u0022\\u0024\\u802b\\n\\u0022\\u0031\\u0024\\u0031\\u0024\\u0031\\u0024\\u0024\\u0024\\u803d\\n\\u0022\\u0031\\u0024\\u0031\\u0024\\u0031\\u0024\\u0031\\u0024\\n\\n'], {'translate':'tribe_civilization.x1_blue_star', 'color': 'gray'}]}, 'clickEvent': {'action': 'change_page', 'value': '6'}}, {'text':'\\u0025\\u0023\\u0023', 'hoverEvent': {'action': 'show_text', 'contents': [{'text':''}, [{'text':'', 'font': 'tribe_civilization:manual', 'color': 'white'}, '\\u0022\\u002e\\n\\u0022\\u0024\\u8023\\u0024\\u8025\\u0024\\u8027\\n\\u0022\\u0031\\u0024\\u0031\\u0024\\u0031\\u0024\\n\\u0022\\u0024\\u8029\\u0024\\u802b\\u0031\\u0024\\u0022\\u0022\\u0024\\u0024\\u8039\\n\\u0022\\u0031\\u0024\\u0031\\u0024\\u0031\\u0024\\u0022\\u0022\\u0031\\u0024\\n\\n\\n'], {'translate':'tribe_civilization.x1_diamond_meteorite_x1_emerald_meteorite_x1_iron_meteorite_x1', 'color': 'gray'}]}, 'clickEvent': {'action': 'change_page', 'value': '18'}}]","[{'text':'', 'font': 'tribe_civilization:manual', 'color': 'white'}, {'text':'Purple Crystal\\n', 'font': 'minecraft:default', 'color': 'black', 'underlined': True}, '\\u0022\\u0029\\n\\u0022', {'text':'\\u0024\\u802f', 'hoverEvent': {'action': 'show_item', 'contents': {'id': 'command_block', 'components': {'item_name': '{\"translate\":\"tribe_civilization.yellow_crystal\", \"italic\": false, \"color\": \"white\"}', 'lore': ['[\"\", {\"text\":\"I\", \"color\": \"white\", \"italic\": false, \"font\": \"tribe_civilization:icons\"}, {\"translate\":\"tribe_civilization\", \"italic\": true, \"color\": \"blue\"}]']}}}, 'clickEvent': {'action': 'change_page', 'value': '13'}}, {'text':'\\u0024\\u8031\\n', 'hoverEvent': {'action': 'show_item', 'contents': {'id': 'command_block', 'components': {'item_name': '{\"translate\":\"tribe_civilization.green_crystal\", \"italic\": false, \"color\": \"white\"}', 'lore': ['[\"\", {\"text\":\"I\", \"color\": \"white\", \"italic\": false, \"font\": \"tribe_civilization:icons\"}, {\"translate\":\"tribe_civilization\", \"italic\": true, \"color\": \"blue\"}]']}}}, 'clickEvent': {'action': 'change_page', 'value': '14'}}, '\\u0022', {'text':'\\u0031\\u0024', 'hoverEvent': {'action': 'show_item', 'contents': {'id': 'command_block', 'components': {'item_name': '{\"translate\":\"tribe_civilization.yellow_crystal\", \"italic\": false, \"color\": \"white\"}', 'lore': ['[\"\", {\"text\":\"I\", \"color\": \"white\", \"italic\": false, \"font\": \"tribe_civilization:icons\"}, {\"translate\":\"tribe_civilization\", \"italic\": true, \"color\": \"blue\"}]']}}}, 'clickEvent': {'action': 'change_page', 'value': '13'}}, {'text':'\\u0031\\u0024', 'hoverEvent': {'action': 'show_item', 'contents': {'id': 'command_block', 'components': {'item_name': '{\"translate\":\"tribe_civilization.green_crystal\", \"italic\": false, \"color\": \"white\"}', 'lore': ['[\"\", {\"text\":\"I\", \"color\": \"white\", \"italic\": false, \"font\": \"tribe_civilization:icons\"}, {\"translate\":\"tribe_civilization\", \"italic\": true, \"color\": \"blue\"}]']}}}, 'clickEvent': {'action': 'change_page', 'value': '14'}}, '\\u0031\\u0024', {'text':'\\u0024\\u0024\\u802d\\n', 'hoverEvent': {'action': 'show_item', 'contents': {'id': 'command_block', 'components': {'item_name': '{\"translate\":\"tribe_civilization.purple_crystal\", \"italic\": false, \"color\": \"white\"}', 'lore': ['[\"\", {\"text\":\"I\", \"color\": \"white\", \"italic\": false, \"font\": \"tribe_civilization:icons\"}, {\"translate\":\"tribe_civilization\", \"italic\": true, \"color\": \"blue\"}]']}}}}, '\\u0022', {'text':'\\u0024\\u8033', 'hoverEvent': {'action': 'show_item', 'contents': {'id': 'command_block', 'components': {'item_name': '{\"translate\":\"tribe_civilization.cyan_crystal\", \"italic\": false, \"color\": \"white\"}', 'lore': ['[\"\", {\"text\":\"I\", \"color\": \"white\", \"italic\": false, \"font\": \"tribe_civilization:icons\"}, {\"translate\":\"tribe_civilization\", \"italic\": true, \"color\": \"blue\"}]']}}}, 'clickEvent': {'action': 'change_page', 'value': '15'}}, '\\u0031\\u0024\\u0031\\u0024', {'text':'\\u0031\\u0024\\n', 'hoverEvent': {'action': 'show_item', 'contents': {'id': 'command_block', 'components': {'item_name': '{\"translate\":\"tribe_civilization.purple_crystal\", \"italic\": false, \"color\": \"white\"}', 'lore': ['[\"\", {\"text\":\"I\", \"color\": \"white\", \"italic\": false, \"font\": \"tribe_civilization:icons\"}, {\"translate\":\"tribe_civilization\", \"italic\": true, \"color\": \"blue\"}]']}}}}, '\\u0022', {'text':'\\u0031\\u0024\\n\\n', 'hoverEvent': {'action': 'show_item', 'contents': {'id': 'command_block', 'components': {'item_name': '{\"translate\":\"tribe_civilization.cyan_crystal\", \"italic\": false, \"color\": \"white\"}', 'lore': ['[\"\", {\"text\":\"I\", \"color\": \"white\", \"italic\": false, \"font\": \"tribe_civilization:icons\"}, {\"translate\":\"tribe_civilization\", \"italic\": true, \"color\": \"blue\"}]']}}}, 'clickEvent': {'action': 'change_page', 'value': '15'}}, {'text':'\\u0026\\u0023\\u0023', 'hoverEvent': {'action': 'show_text', 'contents': {'translate':'tribe_civilization.lors_de_la_mort_du_survivant_de_la_même_couleur_ce_crystal_est_d'}}}, {'text':'\\u0027\\u0023\\u0023', 'hoverEvent': {'action': 'show_text', 'contents': [{'text':''}, [{'text':'', 'font': 'tribe_civilization:manual', 'color': 'white'}, '\\u0022\\u002d\\n\\u0022\\u0024\\u802f\\u0024\\u8031\\n\\u0022\\u0031\\u0024\\u0031\\u0024\\u0031\\u0024\\u0024\\u0024\\u802d\\n\\u0022\\u0024\\u8033\\u0031\\u0024\\u0031\\u0024\\u0031\\u0024\\n\\u0022\\u0031\\u0024\\n'], {'translate':'tribe_civilization.x1_yellow_crystal_x1_green_crystal_x1_cyan_crystal', 'color': 'gray'}]}}, {'text':'\\u807f\\u0023\\u0023', 'hoverEvent': {'action': 'show_text', 'contents': [{'text':''}, [{'text':'', 'font': 'tribe_civilization:manual', 'color': 'white'}, '\\u0022\\u002d\\n\\u0022\\u0024\\u802d\\u0024\\u8031\\n\\u0022\\u0031\\u0024\\u0031\\u0024\\u0031\\u0024\\u0024\\u0024\\u802f\\n\\u0022\\u0024\\u8033\\u0031\\u0024\\u0031\\u0024\\u0031\\u0024\\n\\u0022\\u0031\\u0024\\n'], {'translate':'tribe_civilization.x1_purple_crystal_x1_green_crystal_x1_cyan_crystal', 'color': 'gray'}]}, 'clickEvent': {'action': 'change_page', 'value': '13'}}, {'text':'\\u8084\\u0023\\u0023', 'hoverEvent': {'action': 'show_text', 'contents': [{'text':''}, [{'text':'', 'font': 'tribe_civilization:manual', 'color': 'white'}, '\\u0022\\u002d\\n\\u0022\\u0024\\u802d\\u0024\\u802f\\n\\u0022\\u0031\\u0024\\u0031\\u0024\\u0031\\u0024\\u0024\\u0024\\u8031\\n\\u0022\\u0024\\u8033\\u0031\\u0024\\u0031\\u0024\\u0031\\u0024\\n\\u0022\\u0031\\u0024\\n'], {'translate':'tribe_civilization.x1_purple_crystal_x1_yellow_crystal_x1_cyan_crystal', 'color': 'gray'}]}, 'clickEvent': {'action': 'change_page', 'value': '14'}}, {'text':'\\u8089\\n', 'hoverEvent': {'action': 'show_text', 'contents': [{'text':''}, [{'text':'', 'font': 'tribe_civilization:manual', 'color': 'white'}, '\\u0022\\u002d\\n\\u0022\\u0024\\u802d\\u0024\\u802f\\n\\u0022\\u0031\\u0024\\u0031\\u0024\\u0031\\u0024\\u0024\\u0024\\u8033\\n\\u0022\\u0024\\u8031\\u0031\\u0024\\u0031\\u0024\\u0031\\u0024\\n\\u0022\\u0031\\u0024\\n'], {'translate':'tribe_civilization.x1_purple_crystal_x1_yellow_crystal_x1_green_crystal', 'color': 'gray'}]}, 'clickEvent': {'action': 'change_page', 'value': '15'}}, {'text':'\\u0025\\u0023\\u0023', 'hoverEvent': {'action': 'show_text', 'contents': {'translate':'tribe_civilization.lors_de_la_mort_du_survivant_de_la_même_couleur_ce_crystal_est_d'}}}, {'text':'\\u0025\\u0023\\u0023', 'hoverEvent': {'action': 'show_text', 'contents': [{'text':''}, [{'text':'', 'font': 'tribe_civilization:manual', 'color': 'white'}, '\\u0022\\u002d\\n\\u0022\\u0024\\u802f\\u0024\\u8031\\n\\u0022\\u0031\\u0024\\u0031\\u0024\\u0031\\u0024\\u0024\\u0024\\u802d\\n\\u0022\\u0024\\u8033\\u0031\\u0024\\u0031\\u0024\\u0031\\u0024\\n\\u0022\\u0031\\u0024\\n'], {'translate':'tribe_civilization.x1_yellow_crystal_x1_green_crystal_x1_cyan_crystal', 'color': 'gray'}]}}, {'text':'\\u0025\\u0023\\u0023', 'hoverEvent': {'action': 'show_text', 'contents': [{'text':''}, [{'text':'', 'font': 'tribe_civilization:manual', 'color': 'white'}, '\\u0022\\u002d\\n\\u0022\\u0024\\u802d\\u0024\\u8031\\n\\u0022\\u0031\\u0024\\u0031\\u0024\\u0031\\u0024\\u0024\\u0024\\u802f\\n\\u0022\\u0024\\u8033\\u0031\\u0024\\u0031\\u0024\\u0031\\u0024\\n\\u0022\\u0031\\u0024\\n'], {'translate':'tribe_civilization.x1_purple_crystal_x1_green_crystal_x1_cyan_crystal', 'color': 'gray'}]}, 'clickEvent': {'action': 'change_page', 'value': '13'}}, {'text':'\\u0025\\u0023\\u0023', 'hoverEvent': {'action': 'show_text', 'contents': [{'text':''}, [{'text':'', 'font': 'tribe_civilization:manual', 'color': 'white'}, '\\u0022\\u002d\\n\\u0022\\u0024\\u802d\\u0024\\u802f\\n\\u0022\\u0031\\u0024\\u0031\\u0024\\u0031\\u0024\\u0024\\u0024\\u8031\\n\\u0022\\u0024\\u8033\\u0031\\u0024\\u0031\\u0024\\u0031\\u0024\\n\\u0022\\u0031\\u0024\\n'], {'translate':'tribe_civilization.x1_purple_crystal_x1_yellow_crystal_x1_cyan_crystal', 'color': 'gray'}]}, 'clickEvent': {'action': 'change_page', 'value': '14'}}, {'text':'\\u0025\\n', 'hoverEvent': {'action': 'show_text', 'contents': [{'text':''}, [{'text':'', 'font': 'tribe_civilization:manual', 'color': 'white'}, '\\u0022\\u002d\\n\\u0022\\u0024\\u802d\\u0024\\u802f\\n\\u0022\\u0031\\u0024\\u0031\\u0024\\u0031\\u0024\\u0024\\u0024\\u8033\\n\\u0022\\u0024\\u8031\\u0031\\u0024\\u0031\\u0024\\u0031\\u0024\\n\\u0022\\u0031\\u0024\\n'], {'translate':'tribe_civilization.x1_purple_crystal_x1_yellow_crystal_x1_green_crystal', 'color': 'gray'}]}, 'clickEvent': {'action': 'change_page', 'value': '15'}}, {'text':'\\u8090\\u0023\\u0023', 'hoverEvent': {'action': 'show_text', 'contents': [{'text':''}, [{'text':'', 'font': 'tribe_civilization:manual', 'color': 'white'}, '\\u0022\\u002e\\n\\u0022\\u0024\\u8021\\u0024\\u802d\\u0024\\u802f\\n\\u0022\\u0031\\u0024\\u0031\\u0024\\u0031\\u0024\\n\\u0022\\u0024\\u8031\\u0024\\u8033\\u0031\\u0024\\u0022\\u0022\\u0024\\u0024\\u8037\\n\\u0022\\u0031\\u0024\\u0031\\u0024\\u0031\\u0024\\u0022\\u0022\\u0031\\u0024\\n\\n\\n'], {'translate':'tribe_civilization.x1_astral_powder_x1_purple_crystal_x1_yellow_crystal_x1_green_c', 'color': 'gray'}]}, 'clickEvent': {'action': 'change_page', 'value': '17'}}]","[{'text':'', 'font': 'tribe_civilization:manual', 'color': 'white'}, {'text':'Yellow Crystal\\n', 'font': 'minecraft:default', 'color': 'black', 'underlined': True}, '\\u0022\\u0029\\n\\u0022', {'text':'\\u0024\\u802d', 'hoverEvent': {'action': 'show_item', 'contents': {'id': 'command_block', 'components': {'item_name': '{\"translate\":\"tribe_civilization.purple_crystal\", \"italic\": false, \"color\": \"white\"}', 'lore': ['[\"\", {\"text\":\"I\", \"color\": \"white\", \"italic\": false, \"font\": \"tribe_civilization:icons\"}, {\"translate\":\"tribe_civilization\", \"italic\": true, \"color\": \"blue\"}]']}}}, 'clickEvent': {'action': 'change_page', 'value': '12'}}, {'text':'\\u0024\\u8031\\n', 'hoverEvent': {'action': 'show_item', 'contents': {'id': 'command_block', 'components': {'item_name': '{\"translate\":\"tribe_civilization.green_crystal\", \"italic\": false, \"color\": \"white\"}', 'lore': ['[\"\", {\"text\":\"I\", \"color\": \"white\", \"italic\": false, \"font\": \"tribe_civilization:icons\"}, {\"translate\":\"tribe_civilization\", \"italic\": true, \"color\": \"blue\"}]']}}}, 'clickEvent': {'action': 'change_page', 'value': '14'}}, '\\u0022', {'text':'\\u0031\\u0024', 'hoverEvent': {'action': 'show_item', 'contents': {'id': 'command_block', 'components': {'item_name': '{\"translate\":\"tribe_civilization.purple_crystal\", \"italic\": false, \"color\": \"white\"}', 'lore': ['[\"\", {\"text\":\"I\", \"color\": \"white\", \"italic\": false, \"font\": \"tribe_civilization:icons\"}, {\"translate\":\"tribe_civilization\", \"italic\": true, \"color\": \"blue\"}]']}}}, 'clickEvent': {'action': 'change_page', 'value': '12'}}, {'text':'\\u0031\\u0024', 'hoverEvent': {'action': 'show_item', 'contents': {'id': 'command_block', 'components': {'item_name': '{\"translate\":\"tribe_civilization.green_crystal\", \"italic\": false, \"color\": \"white\"}', 'lore': ['[\"\", {\"text\":\"I\", \"color\": \"white\", \"italic\": false, \"font\": \"tribe_civilization:icons\"}, {\"translate\":\"tribe_civilization\", \"italic\": true, \"color\": \"blue\"}]']}}}, 'clickEvent': {'action': 'change_page', 'value': '14'}}, '\\u0031\\u0024', {'text':'\\u0024\\u0024\\u802f\\n', 'hoverEvent': {'action': 'show_item', 'contents': {'id': 'command_block', 'components': {'item_name': '{\"translate\":\"tribe_civilization.yellow_crystal\", \"italic\": false, \"color\": \"white\"}', 'lore': ['[\"\", {\"text\":\"I\", \"color\": \"white\", \"italic\": false, \"font\": \"tribe_civilization:icons\"}, {\"translate\":\"tribe_civilization\", \"italic\": true, \"color\": \"blue\"}]']}}}}, '\\u0022', {'text':'\\u0024\\u8033', 'hoverEvent': {'action': 'show_item', 'contents': {'id': 'command_block', 'components': {'item_name': '{\"translate\":\"tribe_civilization.cyan_crystal\", \"italic\": false, \"color\": \"white\"}', 'lore': ['[\"\", {\"text\":\"I\", \"color\": \"white\", \"italic\": false, \"font\": \"tribe_civilization:icons\"}, {\"translate\":\"tribe_civilization\", \"italic\": true, \"color\": \"blue\"}]']}}}, 'clickEvent': {'action': 'change_page', 'value': '15'}}, '\\u0031\\u0024\\u0031\\u0024', {'text':'\\u0031\\u0024\\n', 'hoverEvent': {'action': 'show_item', 'contents': {'id': 'command_block', 'components': {'item_name': '{\"translate\":\"tribe_civilization.yellow_crystal\", \"italic\": false, \"color\": \"white\"}', 'lore': ['[\"\", {\"text\":\"I\", \"color\": \"white\", \"italic\": false, \"font\": \"tribe_civilization:icons\"}, {\"translate\":\"tribe_civilization\", \"italic\": true, \"color\": \"blue\"}]']}}}}, '\\u0022', {'text':'\\u0031\\u0024\\n\\n', 'hoverEvent': {'action': 'show_item', 'contents': {'id': 'command_block', 'components': {'item_name': '{\"translate\":\"tribe_civilization.cyan_crystal\", \"italic\": false, \"color\": \"white\"}', 'lore': ['[\"\", {\"text\":\"I\", \"color\": \"white\", \"italic\": false, \"font\": \"tribe_civilization:icons\"}, {\"translate\":\"tribe_civilization\", \"italic\": true, \"color\": \"blue\"}]']}}}, 'clickEvent': {'action': 'change_page', 'value': '15'}}, {'text':'\\u0026\\u0023\\u0023', 'hoverEvent': {'action': 'show_text', 'contents': {'translate':'tribe_civilization.lors_de_la_mort_du_survivant_de_la_même_couleur_ce_crystal_est_d'}}}, {'text':'\\u0027\\u0023\\u0023', 'hoverEvent': {'action': 'show_text', 'contents': [{'text':''}, [{'text':'', 'font': 'tribe_civilization:manual', 'color': 'white'}, '\\u0022\\u002d\\n\\u0022\\u0024\\u802d\\u0024\\u8031\\n\\u0022\\u0031\\u0024\\u0031\\u0024\\u0031\\u0024\\u0024\\u0024\\u802f\\n\\u0022\\u0024\\u8033\\u0031\\u0024\\u0031\\u0024\\u0031\\u0024\\n\\u0022\\u0031\\u0024\\n'], {'translate':'tribe_civilization.x1_purple_crystal_x1_green_crystal_x1_cyan_crystal', 'color': 'gray'}]}}, {'text':'\\u809d\\u0023\\u0023', 'hoverEvent': {'action': 'show_text', 'contents': [{'text':''}, [{'text':'', 'font': 'tribe_civilization:manual', 'color': 'white'}, '\\u0022\\u002d\\n\\u0022\\u0024\\u802f\\u0024\\u8031\\n\\u0022\\u0031\\u0024\\u0031\\u0024\\u0031\\u0024\\u0024\\u0024\\u802d\\n\\u0022\\u0024\\u8033\\u0031\\u0024\\u0031\\u0024\\u0031\\u0024\\n\\u0022\\u0031\\u0024\\n'], {'translate':'tribe_civilization.x1_yellow_crystal_x1_green_crystal_x1_cyan_crystal', 'color': 'gray'}]}, 'clickEvent': {'action': 'change_page', 'value': '12'}}, {'text':'\\u80a2\\u0023\\u0023', 'hoverEvent': {'action': 'show_text', 'contents': [{'text':''}, [{'text':'', 'font': 'tribe_civilization:manual', 'color': 'white'}, '\\u0022\\u002d\\n\\u0022\\u0024\\u802d\\u0024\\u802f\\n\\u0022\\u0031\\u0024\\u0031\\u0024\\u0031\\u0024\\u0024\\u0024\\u8031\\n\\u0022\\u0024\\u8033\\u0031\\u0024\\u0031\\u0024\\u0031\\u0024\\n\\u0022\\u0031\\u0024\\n'], {'translate':'tribe_civilization.x1_purple_crystal_x1_yellow_crystal_x1_cyan_crystal', 'color': 'gray'}]}, 'clickEvent': {'action': 'change_page', 'value': '14'}}, {'text':'\\u80a7\\n', 'hoverEvent': {'action': 'show_text', 'contents': [{'text':''}, [{'text':'', 'font': 'tribe_civilization:manual', 'color': 'white'}, '\\u0022\\u002d\\n\\u0022\\u0024\\u802d\\u0024\\u802f\\n\\u0022\\u0031\\u0024\\u0031\\u0024\\u0031\\u0024\\u0024\\u0024\\u8033\\n\\u0022\\u0024\\u8031\\u0031\\u0024\\u0031\\u0024\\u0031\\u0024\\n\\u0022\\u0031\\u0024\\n'], {'translate':'tribe_civilization.x1_purple_crystal_x1_yellow_crystal_x1_green_crystal', 'color': 'gray'}]}, 'clickEvent': {'action': 'change_page', 'value': '15'}}, {'text':'\\u0025\\u0023\\u0023', 'hoverEvent': {'action': 'show_text', 'contents': {'translate':'tribe_civilization.lors_de_la_mort_du_survivant_de_la_même_couleur_ce_crystal_est_d'}}}, {'text':'\\u0025\\u0023\\u0023', 'hoverEvent': {'action': 'show_text', 'contents': [{'text':''}, [{'text':'', 'font': 'tribe_civilization:manual', 'color': 'white'}, '\\u0022\\u002d\\n\\u0022\\u0024\\u802d\\u0024\\u8031\\n\\u0022\\u0031\\u0024\\u0031\\u0024\\u0031\\u0024\\u0024\\u0024\\u802f\\n\\u0022\\u0024\\u8033\\u0031\\u0024\\u0031\\u0024\\u0031\\u0024\\n\\u0022\\u0031\\u0024\\n'], {'translate':'tribe_civilization.x1_purple_crystal_x1_green_crystal_x1_cyan_crystal', 'color': 'gray'}]}}, {'text':'\\u0025\\u0023\\u0023', 'hoverEvent': {'action': 'show_text', 'contents': [{'text':''}, [{'text':'', 'font': 'tribe_civilization:manual', 'color': 'white'}, '\\u0022\\u002d\\n\\u0022\\u0024\\u802f\\u0024\\u8031\\n\\u0022\\u0031\\u0024\\u0031\\u0024\\u0031\\u0024\\u0024\\u0024\\u802d\\n\\u0022\\u0024\\u8033\\u0031\\u0024\\u0031\\u0024\\u0031\\u0024\\n\\u0022\\u0031\\u0024\\n'], {'translate':'tribe_civilization.x1_yellow_crystal_x1_green_crystal_x1_cyan_crystal', 'color': 'gray'}]}, 'clickEvent': {'action': 'change_page', 'value': '12'}}, {'text':'\\u0025\\u0023\\u0023', 'hoverEvent': {'action': 'show_text', 'contents': [{'text':''}, [{'text':'', 'font': 'tribe_civilization:manual', 'color': 'white'}, '\\u0022\\u002d\\n\\u0022\\u0024\\u802d\\u0024\\u802f\\n\\u0022\\u0031\\u0024\\u0031\\u0024\\u0031\\u0024\\u0024\\u0024\\u8031\\n\\u0022\\u0024\\u8033\\u0031\\u0024\\u0031\\u0024\\u0031\\u0024\\n\\u0022\\u0031\\u0024\\n'], {'translate':'tribe_civilization.x1_purple_crystal_x1_yellow_crystal_x1_cyan_crystal', 'color': 'gray'}]}, 'clickEvent': {'action': 'change_page', 'value': '14'}}, {'text':'\\u0025\\n', 'hoverEvent': {'action': 'show_text', 'contents': [{'text':''}, [{'text':'', 'font': 'tribe_civilization:manual', 'color': 'white'}, '\\u0022\\u002d\\n\\u0022\\u0024\\u802d\\u0024\\u802f\\n\\u0022\\u0031\\u0024\\u0031\\u0024\\u0031\\u0024\\u0024\\u0024\\u8033\\n\\u0022\\u0024\\u8031\\u0031\\u0024\\u0031\\u0024\\u0031\\u0024\\n\\u0022\\u0031\\u0024\\n'], {'translate':'tribe_civilization.x1_purple_crystal_x1_yellow_crystal_x1_green_crystal', 'color': 'gray'}]}, 'clickEvent': {'action': 'change_page', 'value': '15'}}, {'text':'\\u80ae\\u0023\\u0023', 'hoverEvent': {'action': 'show_text', 'contents': [{'text':''}, [{'text':'', 'font': 'tribe_civilization:manual', 'color': 'white'}, '\\u0022\\u002e\\n\\u0022\\u0024\\u8021\\u0024\\u802d\\u0024\\u802f\\n\\u0022\\u0031\\u0024\\u0031\\u0024\\u0031\\u0024\\n\\u0022\\u0024\\u8031\\u0024\\u8033\\u0031\\u0024\\u0022\\u0022\\u0024\\u0024\\u8037\\n\\u0022\\u0031\\u0024\\u0031\\u0024\\u0031\\u0024\\u0022\\u0022\\u0031\\u0024\\n\\n\\n'], {'translate':'tribe_civilization.x1_astral_powder_x1_purple_crystal_x1_yellow_crystal_x1_green_c', 'color': 'gray'}]}, 'clickEvent': {'action': 'change_page', 'value': '17'}}]","[{'text':'', 'font': 'tribe_civilization:manual', 'color': 'white'}, {'text':'Green Crystal\\n', 'font': 'minecraft:default', 'color': 'black', 'underlined': True}, '\\u0022\\u0029\\n\\u0022', {'text':'\\u0024\\u802d', 'hoverEvent': {'action': 'show_item', 'contents': {'id': 'command_block', 'components': {'item_name': '{\"translate\":\"tribe_civilization.purple_crystal\", \"italic\": false, \"color\": \"white\"}', 'lore': ['[\"\", {\"text\":\"I\", \"color\": \"white\", \"italic\": false, \"font\": \"tribe_civilization:icons\"}, {\"translate\":\"tribe_civilization\", \"italic\": true, \"color\": \"blue\"}]']}}}, 'clickEvent': {'action': 'change_page', 'value': '12'}}, {'text':'\\u0024\\u802f\\n', 'hoverEvent': {'action': 'show_item', 'contents': {'id': 'command_block', 'components': {'item_name': '{\"translate\":\"tribe_civilization.yellow_crystal\", \"italic\": false, \"color\": \"white\"}', 'lore': ['[\"\", {\"text\":\"I\", \"color\": \"white\", \"italic\": false, \"font\": \"tribe_civilization:icons\"}, {\"translate\":\"tribe_civilization\", \"italic\": true, \"color\": \"blue\"}]']}}}, 'clickEvent': {'action': 'change_page', 'value': '13'}}, '\\u0022', {'text':'\\u0031\\u0024', 'hoverEvent': {'action': 'show_item', 'contents': {'id': 'command_block', 'components': {'item_name': '{\"translate\":\"tribe_civilization.purple_crystal\", \"italic\": false, \"color\": \"white\"}', 'lore': ['[\"\", {\"text\":\"I\", \"color\": \"white\", \"italic\": false, \"font\": \"tribe_civilization:icons\"}, {\"translate\":\"tribe_civilization\", \"italic\": true, \"color\": \"blue\"}]']}}}, 'clickEvent': {'action': 'change_page', 'value': '12'}}, {'text':'\\u0031\\u0024', 'hoverEvent': {'action': 'show_item', 'contents': {'id': 'command_block', 'components': {'item_name': '{\"translate\":\"tribe_civilization.yellow_crystal\", \"italic\": false, \"color\": \"white\"}', 'lore': ['[\"\", {\"text\":\"I\", \"color\": \"white\", \"italic\": false, \"font\": \"tribe_civilization:icons\"}, {\"translate\":\"tribe_civilization\", \"italic\": true, \"color\": \"blue\"}]']}}}, 'clickEvent': {'action': 'change_page', 'value': '13'}}, '\\u0031\\u0024', {'text':'\\u0024\\u0024\\u8031\\n', 'hoverEvent': {'action': 'show_item', 'contents': {'id': 'command_block', 'components': {'item_name': '{\"translate\":\"tribe_civilization.green_crystal\", \"italic\": false, \"color\": \"white\"}', 'lore': ['[\"\", {\"text\":\"I\", \"color\": \"white\", \"italic\": false, \"font\": \"tribe_civilization:icons\"}, {\"translate\":\"tribe_civilization\", \"italic\": true, \"color\": \"blue\"}]']}}}}, '\\u0022', {'text':'\\u0024\\u8033', 'hoverEvent': {'action': 'show_item', 'contents': {'id': 'command_block', 'components': {'item_name': '{\"translate\":\"tribe_civilization.cyan_crystal\", \"italic\": false, \"color\": \"white\"}', 'lore': ['[\"\", {\"text\":\"I\", \"color\": \"white\", \"italic\": false, \"font\": \"tribe_civilization:icons\"}, {\"translate\":\"tribe_civilization\", \"italic\": true, \"color\": \"blue\"}]']}}}, 'clickEvent': {'action': 'change_page', 'value': '15'}}, '\\u0031\\u0024\\u0031\\u0024', {'text':'\\u0031\\u0024\\n', 'hoverEvent': {'action': 'show_item', 'contents': {'id': 'command_block', 'components': {'item_name': '{\"translate\":\"tribe_civilization.green_crystal\", \"italic\": false, \"color\": \"white\"}', 'lore': ['[\"\", {\"text\":\"I\", \"color\": \"white\", \"italic\": false, \"font\": \"tribe_civilization:icons\"}, {\"translate\":\"tribe_civilization\", \"italic\": true, \"color\": \"blue\"}]']}}}}, '\\u0022', {'text':'\\u0031\\u0024\\n\\n', 'hoverEvent': {'action': 'show_item', 'contents': {'id': 'command_block', 'components': {'item_name': '{\"translate\":\"tribe_civilization.cyan_crystal\", \"italic\": false, \"color\": \"white\"}', 'lore': ['[\"\", {\"text\":\"I\", \"color\": \"white\", \"italic\": false, \"font\": \"tribe_civilization:icons\"}, {\"translate\":\"tribe_civilization\", \"italic\": true, \"color\": \"blue\"}]']}}}, 'clickEvent': {'action': 'change_page', 'value': '15'}}, {'text':'\\u0026\\u0023\\u0023', 'hoverEvent': {'action': 'show_text', 'contents': {'translate':'tribe_civilization.lors_de_la_mort_du_survivant_de_la_même_couleur_ce_crystal_est_d'}}}, {'text':'\\u0027\\u0023\\u0023', 'hoverEvent': {'action': 'show_text', 'contents': [{'text':''}, [{'text':'', 'font': 'tribe_civilization:manual', 'color': 'white'}, '\\u0022\\u002d\\n\\u0022\\u0024\\u802d\\u0024\\u802f\\n\\u0022\\u0031\\u0024\\u0031\\u0024\\u0031\\u0024\\u0024\\u0024\\u8031\\n\\u0022\\u0024\\u8033\\u0031\\u0024\\u0031\\u0024\\u0031\\u0024\\n\\u0022\\u0031\\u0024\\n'], {'translate':'tribe_civilization.x1_purple_crystal_x1_yellow_crystal_x1_cyan_crystal', 'color': 'gray'}]}}, {'text':'\\u80bb\\u0023\\u0023', 'hoverEvent': {'action': 'show_text', 'contents': [{'text':''}, [{'text':'', 'font': 'tribe_civilization:manual', 'color': 'white'}, '\\u0022\\u002d\\n\\u0022\\u0024\\u802f\\u0024\\u8031\\n\\u0022\\u0031\\u0024\\u0031\\u0024\\u0031\\u0024\\u0024\\u0024\\u802d\\n\\u0022\\u0024\\u8033\\u0031\\u0024\\u0031\\u0024\\u0031\\u0024\\n\\u0022\\u0031\\u0024\\n'], {'translate':'tribe_civilization.x1_yellow_crystal_x1_green_crystal_x1_cyan_crystal', 'color': 'gray'}]}, 'clickEvent': {'action': 'change_page', 'value': '12'}}, {'text':'\\u80c0\\u0023\\u0023', 'hoverEvent': {'action': 'show_text', 'contents': [{'text':''}, [{'text':'', 'font': 'tribe_civilization:manual', 'color': 'white'}, '\\u0022\\u002d\\n\\u0022\\u0024\\u802d\\u0024\\u8031\\n\\u0022\\u0031\\u0024\\u0031\\u0024\\u0031\\u0024\\u0024\\u0024\\u802f\\n\\u0022\\u0024\\u8033\\u0031\\u0024\\u0031\\u0024\\u0031\\u0024\\n\\u0022\\u0031\\u0024\\n'], {'translate':'tribe_civilization.x1_purple_crystal_x1_green_crystal_x1_cyan_crystal', 'color': 'gray'}]}, 'clickEvent': {'action': 'change_page', 'value': '13'}}, {'text':'\\u80c5\\n', 'hoverEvent': {'action': 'show_text', 'contents': [{'text':''}, [{'text':'', 'font': 'tribe_civilization:manual', 'color': 'white'}, '\\u0022\\u002d\\n\\u0022\\u0024\\u802d\\u0024\\u802f\\n\\u0022\\u0031\\u0024\\u0031\\u0024\\u0031\\u0024\\u0024\\u0024\\u8033\\n\\u0022\\u0024\\u8031\\u0031\\u0024\\u0031\\u0024\\u0031\\u0024\\n\\u0022\\u0031\\u0024\\n'], {'translate':'tribe_civilization.x1_purple_crystal_x1_yellow_crystal_x1_green_crystal', 'color': 'gray'}]}, 'clickEvent': {'action': 'change_page', 'value': '15'}}, {'text':'\\u0025\\u0023\\u0023', 'hoverEvent': {'action': 'show_text', 'contents': {'translate':'tribe_civilization.lors_de_la_mort_du_survivant_de_la_même_couleur_ce_crystal_est_d'}}}, {'text':'\\u0025\\u0023\\u0023', 'hoverEvent': {'action': 'show_text', 'contents': [{'text':''}, [{'text':'', 'font': 'tribe_civilization:manual', 'color': 'white'}, '\\u0022\\u002d\\n\\u0022\\u0024\\u802d\\u0024\\u802f\\n\\u0022\\u0031\\u0024\\u0031\\u0024\\u0031\\u0024\\u0024\\u0024\\u8031\\n\\u0022\\u0024\\u8033\\u0031\\u0024\\u0031\\u0024\\u0031\\u0024\\n\\u0022\\u0031\\u0024\\n'], {'translate':'tribe_civilization.x1_purple_crystal_x1_yellow_crystal_x1_cyan_crystal', 'color': 'gray'}]}}, {'text':'\\u0025\\u0023\\u0023', 'hoverEvent': {'action': 'show_text', 'contents': [{'text':''}, [{'text':'', 'font': 'tribe_civilization:manual', 'color': 'white'}, '\\u0022\\u002d\\n\\u0022\\u0024\\u802f\\u0024\\u8031\\n\\u0022\\u0031\\u0024\\u0031\\u0024\\u0031\\u0024\\u0024\\u0024\\u802d\\n\\u0022\\u0024\\u8033\\u0031\\u0024\\u0031\\u0024\\u0031\\u0024\\n\\u0022\\u0031\\u0024\\n'], {'translate':'tribe_civilization.x1_yellow_crystal_x1_green_crystal_x1_cyan_crystal', 'color': 'gray'}]}, 'clickEvent': {'action': 'change_page', 'value': '12'}}, {'text':'\\u0025\\u0023\\u0023', 'hoverEvent': {'action': 'show_text', 'contents': [{'text':''}, [{'text':'', 'font': 'tribe_civilization:manual', 'color': 'white'}, '\\u0022\\u002d\\n\\u0022\\u0024\\u802d\\u0024\\u8031\\n\\u0022\\u0031\\u0024\\u0031\\u0024\\u0031\\u0024\\u0024\\u0024\\u802f\\n\\u0022\\u0024\\u8033\\u0031\\u0024\\u0031\\u0024\\u0031\\u0024\\n\\u0022\\u0031\\u0024\\n'], {'translate':'tribe_civilization.x1_purple_crystal_x1_green_crystal_x1_cyan_crystal', 'color': 'gray'}]}, 'clickEvent': {'action': 'change_page', 'value': '13'}}, {'text':'\\u0025\\n', 'hoverEvent': {'action': 'show_text', 'contents': [{'text':''}, [{'text':'', 'font': 'tribe_civilization:manual', 'color': 'white'}, '\\u0022\\u002d\\n\\u0022\\u0024\\u802d\\u0024\\u802f\\n\\u0022\\u0031\\u0024\\u0031\\u0024\\u0031\\u0024\\u0024\\u0024\\u8033\\n\\u0022\\u0024\\u8031\\u0031\\u0024\\u0031\\u0024\\u0031\\u0024\\n\\u0022\\u0031\\u0024\\n'], {'translate':'tribe_civilization.x1_purple_crystal_x1_yellow_crystal_x1_green_crystal', 'color': 'gray'}]}, 'clickEvent': {'action': 'change_page', 'value': '15'}}, {'text':'\\u80cc\\u0023\\u0023', 'hoverEvent': {'action': 'show_text', 'contents': [{'text':''}, [{'text':'', 'font': 'tribe_civilization:manual', 'color': 'white'}, '\\u0022\\u002e\\n\\u0022\\u0024\\u8021\\u0024\\u802d\\u0024\\u802f\\n\\u0022\\u0031\\u0024\\u0031\\u0024\\u0031\\u0024\\n\\u0022\\u0024\\u8031\\u0024\\u8033\\u0031\\u0024\\u0022\\u0022\\u0024\\u0024\\u8037\\n\\u0022\\u0031\\u0024\\u0031\\u0024\\u0031\\u0024\\u0022\\u0022\\u0031\\u0024\\n\\n\\n'], {'translate':'tribe_civilization.x1_astral_powder_x1_purple_crystal_x1_yellow_crystal_x1_green_c', 'color': 'gray'}]}, 'clickEvent': {'action': 'change_page', 'value': '17'}}]","[{'text':'', 'font': 'tribe_civilization:manual', 'color': 'white'}, {'text':'Cyan Crystal\\n', 'font': 'minecraft:default', 'color': 'black', 'underlined': True}, '\\u0022\\u0029\\n\\u0022', {'text':'\\u0024\\u802d', 'hoverEvent': {'action': 'show_item', 'contents': {'id': 'command_block', 'components': {'item_name': '{\"translate\":\"tribe_civilization.purple_crystal\", \"italic\": false, \"color\": \"white\"}', 'lore': ['[\"\", {\"text\":\"I\", \"color\": \"white\", \"italic\": false, \"font\": \"tribe_civilization:icons\"}, {\"translate\":\"tribe_civilization\", \"italic\": true, \"color\": \"blue\"}]']}}}, 'clickEvent': {'action': 'change_page', 'value': '12'}}, {'text':'\\u0024\\u802f\\n', 'hoverEvent': {'action': 'show_item', 'contents': {'id': 'command_block', 'components': {'item_name': '{\"translate\":\"tribe_civilization.yellow_crystal\", \"italic\": false, \"color\": \"white\"}', 'lore': ['[\"\", {\"text\":\"I\", \"color\": \"white\", \"italic\": false, \"font\": \"tribe_civilization:icons\"}, {\"translate\":\"tribe_civilization\", \"italic\": true, \"color\": \"blue\"}]']}}}, 'clickEvent': {'action': 'change_page', 'value': '13'}}, '\\u0022', {'text':'\\u0031\\u0024', 'hoverEvent': {'action': 'show_item', 'contents': {'id': 'command_block', 'components': {'item_name': '{\"translate\":\"tribe_civilization.purple_crystal\", \"italic\": false, \"color\": \"white\"}', 'lore': ['[\"\", {\"text\":\"I\", \"color\": \"white\", \"italic\": false, \"font\": \"tribe_civilization:icons\"}, {\"translate\":\"tribe_civilization\", \"italic\": true, \"color\": \"blue\"}]']}}}, 'clickEvent': {'action': 'change_page', 'value': '12'}}, {'text':'\\u0031\\u0024', 'hoverEvent': {'action': 'show_item', 'contents': {'id': 'command_block', 'components': {'item_name': '{\"translate\":\"tribe_civilization.yellow_crystal\", \"italic\": false, \"color\": \"white\"}', 'lore': ['[\"\", {\"text\":\"I\", \"color\": \"white\", \"italic\": false, \"font\": \"tribe_civilization:icons\"}, {\"translate\":\"tribe_civilization\", \"italic\": true, \"color\": \"blue\"}]']}}}, 'clickEvent': {'action': 'change_page', 'value': '13'}}, '\\u0031\\u0024', {'text':'\\u0024\\u0024\\u8033\\n', 'hoverEvent': {'action': 'show_item', 'contents': {'id': 'command_block', 'components': {'item_name': '{\"translate\":\"tribe_civilization.cyan_crystal\", \"italic\": false, \"color\": \"white\"}', 'lore': ['[\"\", {\"text\":\"I\", \"color\": \"white\", \"italic\": false, \"font\": \"tribe_civilization:icons\"}, {\"translate\":\"tribe_civilization\", \"italic\": true, \"color\": \"blue\"}]']}}}}, '\\u0022', {'text':'\\u0024\\u8031', 'hoverEvent': {'action': 'show_item', 'contents': {'id': 'command_block', 'components': {'item_name': '{\"translate\":\"tribe_civilization.green_crystal\", \"italic\": false, \"color\": \"white\"}', 'lore': ['[\"\", {\"text\":\"I\", \"color\": \"white\", \"italic\": false, \"font\": \"tribe_civilization:icons\"}, {\"translate\":\"tribe_civilization\", \"italic\": true, \"color\": \"blue\"}]']}}}, 'clickEvent': {'action': 'change_page', 'value': '14'}}, '\\u0031\\u0024\\u0031\\u0024', {'text':'\\u0031\\u0024\\n', 'hoverEvent': {'action': 'show_item', 'contents': {'id': 'command_block', 'components': {'item_name': '{\"translate\":\"tribe_civilization.cyan_crystal\", \"italic\": false, \"color\": \"white\"}', 'lore': ['[\"\", {\"text\":\"I\", \"color\": \"white\", \"italic\": false, \"font\": \"tribe_civilization:icons\"}, {\"translate\":\"tribe_civilization\", \"italic\": true, \"color\": \"blue\"}]']}}}}, '\\u0022', {'text':'\\u0031\\u0024\\n\\n', 'hoverEvent': {'action': 'show_item', 'contents': {'id': 'command_block', 'components': {'item_name': '{\"translate\":\"tribe_civilization.green_crystal\", \"italic\": false, \"color\": \"white\"}', 'lore': ['[\"\", {\"text\":\"I\", \"color\": \"white\", \"italic\": false, \"font\": \"tribe_civilization:icons\"}, {\"translate\":\"tribe_civilization\", \"italic\": true, \"color\": \"blue\"}]']}}}, 'clickEvent': {'action': 'change_page', 'value': '14'}}, {'text':'\\u0026\\u0023\\u0023', 'hoverEvent': {'action': 'show_text', 'contents': {'translate':'tribe_civilization.lors_de_la_mort_du_survivant_de_la_même_couleur_ce_crystal_est_d'}}}, {'text':'\\u0027\\u0023\\u0023', 'hoverEvent': {'action': 'show_text', 'contents': [{'text':''}, [{'text':'', 'font': 'tribe_civilization:manual', 'color': 'white'}, '\\u0022\\u002d\\n\\u0022\\u0024\\u802d\\u0024\\u802f\\n\\u0022\\u0031\\u0024\\u0031\\u0024\\u0031\\u0024\\u0024\\u0024\\u8033\\n\\u0022\\u0024\\u8031\\u0031\\u0024\\u0031\\u0024\\u0031\\u0024\\n\\u0022\\u0031\\u0024\\n'], {'translate':'tribe_civilization.x1_purple_crystal_x1_yellow_crystal_x1_green_crystal', 'color': 'gray'}]}}, {'text':'\\u80d9\\u0023\\u0023', 'hoverEvent': {'action': 'show_text', 'contents': [{'text':''}, [{'text':'', 'font': 'tribe_civilization:manual', 'color': 'white'}, '\\u0022\\u002d\\n\\u0022\\u0024\\u802f\\u0024\\u8031\\n\\u0022\\u0031\\u0024\\u0031\\u0024\\u0031\\u0024\\u0024\\u0024\\u802d\\n\\u0022\\u0024\\u8033\\u0031\\u0024\\u0031\\u0024\\u0031\\u0024\\n\\u0022\\u0031\\u0024\\n'], {'translate':'tribe_civilization.x1_yellow_crystal_x1_green_crystal_x1_cyan_crystal', 'color': 'gray'}]}, 'clickEvent': {'action': 'change_page', 'value': '12'}}, {'text':'\\u80de\\u0023\\u0023', 'hoverEvent': {'action': 'show_text', 'contents': [{'text':''}, [{'text':'', 'font': 'tribe_civilization:manual', 'color': 'white'}, '\\u0022\\u002d\\n\\u0022\\u0024\\u802d\\u0024\\u8031\\n\\u0022\\u0031\\u0024\\u0031\\u0024\\u0031\\u0024\\u0024\\u0024\\u802f\\n\\u0022\\u0024\\u8033\\u0031\\u0024\\u0031\\u0024\\u0031\\u0024\\n\\u0022\\u0031\\u0024\\n'], {'translate':'tribe_civilization.x1_purple_crystal_x1_green_crystal_x1_cyan_crystal', 'color': 'gray'}]}, 'clickEvent': {'action': 'change_page', 'value': '13'}}, {'text':'\\u80e3\\n', 'hoverEvent': {'action': 'show_text', 'contents': [{'text':''}, [{'text':'', 'font': 'tribe_civilization:manual', 'color': 'white'}, '\\u0022\\u002d\\n\\u0022\\u0024\\u802d\\u0024\\u802f\\n\\u0022\\u0031\\u0024\\u0031\\u0024\\u0031\\u0024\\u0024\\u0024\\u8031\\n\\u0022\\u0024\\u8033\\u0031\\u0024\\u0031\\u0024\\u0031\\u0024\\n\\u0022\\u0031\\u0024\\n'], {'translate':'tribe_civilization.x1_purple_crystal_x1_yellow_crystal_x1_cyan_crystal', 'color': 'gray'}]}, 'clickEvent': {'action': 'change_page', 'value': '14'}}, {'text':'\\u0025\\u0023\\u0023', 'hoverEvent': {'action': 'show_text', 'contents': {'translate':'tribe_civilization.lors_de_la_mort_du_survivant_de_la_même_couleur_ce_crystal_est_d'}}}, {'text':'\\u0025\\u0023\\u0023', 'hoverEvent': {'action': 'show_text', 'contents': [{'text':''}, [{'text':'', 'font': 'tribe_civilization:manual', 'color': 'white'}, '\\u0022\\u002d\\n\\u0022\\u0024\\u802d\\u0024\\u802f\\n\\u0022\\u0031\\u0024\\u0031\\u0024\\u0031\\u0024\\u0024\\u0024\\u8033\\n\\u0022\\u0024\\u8031\\u0031\\u0024\\u0031\\u0024\\u0031\\u0024\\n\\u0022\\u0031\\u0024\\n'], {'translate':'tribe_civilization.x1_purple_crystal_x1_yellow_crystal_x1_green_crystal', 'color': 'gray'}]}}, {'text':'\\u0025\\u0023\\u0023', 'hoverEvent': {'action': 'show_text', 'contents': [{'text':''}, [{'text':'', 'font': 'tribe_civilization:manual', 'color': 'white'}, '\\u0022\\u002d\\n\\u0022\\u0024\\u802f\\u0024\\u8031\\n\\u0022\\u0031\\u0024\\u0031\\u0024\\u0031\\u0024\\u0024\\u0024\\u802d\\n\\u0022\\u0024\\u8033\\u0031\\u0024\\u0031\\u0024\\u0031\\u0024\\n\\u0022\\u0031\\u0024\\n'], {'translate':'tribe_civilization.x1_yellow_crystal_x1_green_crystal_x1_cyan_crystal', 'color': 'gray'}]}, 'clickEvent': {'action': 'change_page', 'value': '12'}}, {'text':'\\u0025\\u0023\\u0023', 'hoverEvent': {'action': 'show_text', 'contents': [{'text':''}, [{'text':'', 'font': 'tribe_civilization:manual', 'color': 'white'}, '\\u0022\\u002d\\n\\u0022\\u0024\\u802d\\u0024\\u8031\\n\\u0022\\u0031\\u0024\\u0031\\u0024\\u0031\\u0024\\u0024\\u0024\\u802f\\n\\u0022\\u0024\\u8033\\u0031\\u0024\\u0031\\u0024\\u0031\\u0024\\n\\u0022\\u0031\\u0024\\n'], {'translate':'tribe_civilization.x1_purple_crystal_x1_green_crystal_x1_cyan_crystal', 'color': 'gray'}]}, 'clickEvent': {'action': 'change_page', 'value': '13'}}, {'text':'\\u0025\\n', 'hoverEvent': {'action': 'show_text', 'contents': [{'text':''}, [{'text':'', 'font': 'tribe_civilization:manual', 'color': 'white'}, '\\u0022\\u002d\\n\\u0022\\u0024\\u802d\\u0024\\u802f\\n\\u0022\\u0031\\u0024\\u0031\\u0024\\u0031\\u0024\\u0024\\u0024\\u8031\\n\\u0022\\u0024\\u8033\\u0031\\u0024\\u0031\\u0024\\u0031\\u0024\\n\\u0022\\u0031\\u0024\\n'], {'translate':'tribe_civilization.x1_purple_crystal_x1_yellow_crystal_x1_cyan_crystal', 'color': 'gray'}]}, 'clickEvent': {'action': 'change_page', 'value': '14'}}, {'text':'\\u80ea\\u0023\\u0023', 'hoverEvent': {'action': 'show_text', 'contents': [{'text':''}, [{'text':'', 'font': 'tribe_civilization:manual', 'color': 'white'}, '\\u0022\\u002e\\n\\u0022\\u0024\\u8021\\u0024\\u802d\\u0024\\u802f\\n\\u0022\\u0031\\u0024\\u0031\\u0024\\u0031\\u0024\\n\\u0022\\u0024\\u8031\\u0024\\u8033\\u0031\\u0024\\u0022\\u0022\\u0024\\u0024\\u8037\\n\\u0022\\u0031\\u0024\\u0031\\u0024\\u0031\\u0024\\u0022\\u0022\\u0031\\u0024\\n\\n\\n'], {'translate':'tribe_civilization.x1_astral_powder_x1_purple_crystal_x1_yellow_crystal_x1_green_c', 'color': 'gray'}]}, 'clickEvent': {'action': 'change_page', 'value': '17'}}]","[{'text':'', 'font': 'tribe_civilization:manual', 'color': 'white'}, {'text':'Gold Fish\\n', 'font': 'minecraft:default', 'color': 'black', 'underlined': True}, '\\u0022\\u002a\\n\\u0022', {'text':'\\u0024\\u80ec\\u0024\\u80ec\\u0024\\u80ec\\n', 'hoverEvent': {'action': 'show_item', 'contents': {'id': 'minecraft:gold_nugget'}}}, '\\u0022', {'text':'\\u0031\\u0024\\u0031\\u0024\\u0031\\u0024\\n', 'hoverEvent': {'action': 'show_item', 'contents': {'id': 'minecraft:gold_nugget'}}}, '\\u0022', {'text':'\\u0024\\u80ec', 'hoverEvent': {'action': 'show_item', 'contents': {'id': 'minecraft:gold_nugget'}}}, {'text':'\\u0024\\u80ed', 'hoverEvent': {'action': 'show_item', 'contents': {'id': 'minecraft:cod'}}}, {'text':'\\u0024\\u80ec', 'hoverEvent': {'action': 'show_item', 'contents': {'id': 'minecraft:gold_nugget'}}}, '\\u0022\\u0022', {'text':'\\u0024\\u0024\\u8035\\n', 'hoverEvent': {'action': 'show_item', 'contents': {'id': 'golden_apple', 'components': {'item_name': '{\"translate\":\"tribe_civilization.gold_fish\", \"italic\": false, \"color\": \"white\"}', 'lore': ['[\"\", {\"text\":\"I\", \"color\": \"white\", \"italic\": false, \"font\": \"tribe_civilization:icons\"}, {\"translate\":\"tribe_civilization\", \"italic\": true, \"color\": \"blue\"}]']}}}}, '\\u0022', {'text':'\\u0031\\u0024', 'hoverEvent': {'action': 'show_item', 'contents': {'id': 'minecraft:gold_nugget'}}}, {'text':'\\u0031\\u0024', 'hoverEvent': {'action': 'show_item', 'contents': {'id': 'minecraft:cod'}}}, {'text':'\\u0031\\u0024', 'hoverEvent': {'action': 'show_item', 'contents': {'id': 'minecraft:gold_nugget'}}}, '\\u0022\\u0022', {'text':'\\u0031\\u0024\\n', 'hoverEvent': {'action': 'show_item', 'contents': {'id': 'golden_apple', 'components': {'item_name': '{\"translate\":\"tribe_civilization.gold_fish\", \"italic\": false, \"color\": \"white\"}', 'lore': ['[\"\", {\"text\":\"I\", \"color\": \"white\", \"italic\": false, \"font\": \"tribe_civilization:icons\"}, {\"translate\":\"tribe_civilization\", \"italic\": true, \"color\": \"blue\"}]']}}}}, '\\u0022', {'text':'\\u0024\\u80ec\\u0024\\u80ec\\u0024\\u80ec\\n', 'hoverEvent': {'action': 'show_item', 'contents': {'id': 'minecraft:gold_nugget'}}}, '\\u0022', {'text':'\\u0031\\u0024\\u0031\\u0024\\u0031\\u0024\\n\\n', 'hoverEvent': {'action': 'show_item', 'contents': {'id': 'minecraft:gold_nugget'}}}, {'text':'\\u0027\\u0023\\u0023', 'hoverEvent': {'action': 'show_text', 'contents': [{'text':''}, [{'text':'', 'font': 'tribe_civilization:manual', 'color': 'white'}, '\\u0022\\u002e\\n\\u0022\\u0024\\u80ec\\u0024\\u80ec\\u0024\\u80ec\\n\\u0022\\u0031\\u0024\\u0031\\u0024\\u0031\\u0024\\n\\u0022\\u0024\\u80ec\\u0024\\u80ed\\u0024\\u80ec\\u0022\\u0022\\u0024\\u0024\\u8035\\n\\u0022\\u0031\\u0024\\u0031\\u0024\\u0031\\u0024\\u0022\\u0022\\u0031\\u0024\\n\\u0022\\u0024\\u80ec\\u0024\\u80ec\\u0024\\u80ec\\n\\u0022\\u0031\\u0024\\u0031\\u0024\\u0031\\u0024\\n'], {'translate':'tribe_civilization.x8_gold_nugget_x1_cod', 'color': 'gray'}]}}, {'text':'\\u0027\\u0023\\u0023', 'hoverEvent': {'action': 'show_text', 'contents': [{'text':''}, [{'text':'', 'font': 'tribe_civilization:manual', 'color': 'white'}, '\\u0022\\u002e\\n\\u0022\\u0024\\u80ec\\u0024\\u80ec\\u0024\\u80ec\\n\\u0022\\u0031\\u0024\\u0031\\u0024\\u0031\\u0024\\n\\u0022\\u0024\\u80ec\\u0024\\u80f3\\u0024\\u80ec\\u0022\\u0022\\u0024\\u0024\\u8035\\n\\u0022\\u0031\\u0024\\u0031\\u0024\\u0031\\u0024\\u0022\\u0022\\u0031\\u0024\\n\\u0022\\u0024\\u80ec\\u0024\\u80ec\\u0024\\u80ec\\n\\u0022\\u0031\\u0024\\u0031\\u0024\\u0031\\u0024\\n'], {'translate':'tribe_civilization.x8_gold_nugget_x1_salmon', 'color': 'gray'}]}}, {'text':'\\u0027\\n', 'hoverEvent': {'action': 'show_text', 'contents': [{'text':''}, [{'text':'', 'font': 'tribe_civilization:manual', 'color': 'white'}, '\\u0022\\u002e\\n\\u0022\\u0024\\u80ec\\u0024\\u80ec\\u0024\\u80ec\\n\\u0022\\u0031\\u0024\\u0031\\u0024\\u0031\\u0024\\n\\u0022\\u0024\\u80ec\\u0024\\u80f6\\u0024\\u80ec\\u0022\\u0022\\u0024\\u0024\\u8035\\n\\u0022\\u0031\\u0024\\u0031\\u0024\\u0031\\u0024\\u0022\\u0022\\u0031\\u0024\\n\\u0022\\u0024\\u80ec\\u0024\\u80ec\\u0024\\u80ec\\n\\u0022\\u0031\\u0024\\u0031\\u0024\\u0031\\u0024\\n'], {'translate':'tribe_civilization.x8_gold_nugget_x1_tropical_fish', 'color': 'gray'}]}}, {'text':'\\u0025\\u0023\\u0023', 'hoverEvent': {'action': 'show_text', 'contents': [{'text':''}, [{'text':'', 'font': 'tribe_civilization:manual', 'color': 'white'}, '\\u0022\\u002e\\n\\u0022\\u0024\\u80ec\\u0024\\u80ec\\u0024\\u80ec\\n\\u0022\\u0031\\u0024\\u0031\\u0024\\u0031\\u0024\\n\\u0022\\u0024\\u80ec\\u0024\\u80ed\\u0024\\u80ec\\u0022\\u0022\\u0024\\u0024\\u8035\\n\\u0022\\u0031\\u0024\\u0031\\u0024\\u0031\\u0024\\u0022\\u0022\\u0031\\u0024\\n\\u0022\\u0024\\u80ec\\u0024\\u80ec\\u0024\\u80ec\\n\\u0022\\u0031\\u0024\\u0031\\u0024\\u0031\\u0024\\n'], {'translate':'tribe_civilization.x8_gold_nugget_x1_cod', 'color': 'gray'}]}}, {'text':'\\u0025\\u0023\\u0023', 'hoverEvent': {'action': 'show_text', 'contents': [{'text':''}, [{'text':'', 'font': 'tribe_civilization:manual', 'color': 'white'}, '\\u0022\\u002e\\n\\u0022\\u0024\\u80ec\\u0024\\u80ec\\u0024\\u80ec\\n\\u0022\\u0031\\u0024\\u0031\\u0024\\u0031\\u0024\\n\\u0022\\u0024\\u80ec\\u0024\\u80f3\\u0024\\u80ec\\u0022\\u0022\\u0024\\u0024\\u8035\\n\\u0022\\u0031\\u0024\\u0031\\u0024\\u0031\\u0024\\u0022\\u0022\\u0031\\u0024\\n\\u0022\\u0024\\u80ec\\u0024\\u80ec\\u0024\\u80ec\\n\\u0022\\u0031\\u0024\\u0031\\u0024\\u0031\\u0024\\n'], {'translate':'tribe_civilization.x8_gold_nugget_x1_salmon', 'color': 'gray'}]}}, {'text':'\\u0025\\u0023\\u0023', 'hoverEvent': {'action': 'show_text', 'contents': [{'text':''}, [{'text':'', 'font': 'tribe_civilization:manual', 'color': 'white'}, '\\u0022\\u002e\\n\\u0022\\u0024\\u80ec\\u0024\\u80ec\\u0024\\u80ec\\n\\u0022\\u0031\\u0024\\u0031\\u0024\\u0031\\u0024\\n\\u0022\\u0024\\u80ec\\u0024\\u80f6\\u0024\\u80ec\\u0022\\u0022\\u0024\\u0024\\u8035\\n\\u0022\\u0031\\u0024\\u0031\\u0024\\u0031\\u0024\\u0022\\u0022\\u0031\\u0024\\n\\u0022\\u0024\\u80ec\\u0024\\u80ec\\u0024\\u80ec\\n\\u0022\\u0031\\u0024\\u0031\\u0024\\u0031\\u0024\\n'], {'translate':'tribe_civilization.x8_gold_nugget_x1_tropical_fish', 'color': 'gray'}]}}]","[{'text':'', 'font': 'tribe_civilization:manual', 'color': 'white'}, {'text':'Life Crystal\\n', 'font': 'minecraft:default', 'color': 'black', 'underlined': True}, '\\u0022\\u002a\\n\\u0022', {'text':'\\u0024\\u8021', 'hoverEvent': {'action': 'show_item', 'contents': {'id': 'command_block', 'components': {'item_name': '{\"translate\":\"tribe_civilization.astral_powder\", \"italic\": false, \"color\": \"white\"}', 'lore': ['[\"\", {\"text\":\"I\", \"color\": \"white\", \"italic\": false, \"font\": \"tribe_civilization:icons\"}, {\"translate\":\"tribe_civilization\", \"italic\": true, \"color\": \"blue\"}]']}}}, 'clickEvent': {'action': 'change_page', 'value': '6'}}, {'text':'\\u0024\\u802d', 'hoverEvent': {'action': 'show_item', 'contents': {'id': 'command_block', 'components': {'item_name': '{\"translate\":\"tribe_civilization.purple_crystal\", \"italic\": false, \"color\": \"white\"}', 'lore': ['[\"\", {\"text\":\"I\", \"color\": \"white\", \"italic\": false, \"font\": \"tribe_civilization:icons\"}, {\"translate\":\"tribe_civilization\", \"italic\": true, \"color\": \"blue\"}]']}}}, 'clickEvent': {'action': 'change_page', 'value': '12'}}, {'text':'\\u0024\\u802f\\n', 'hoverEvent': {'action': 'show_item', 'contents': {'id': 'command_block', 'components': {'item_name': '{\"translate\":\"tribe_civilization.yellow_crystal\", \"italic\": false, \"color\": \"white\"}', 'lore': ['[\"\", {\"text\":\"I\", \"color\": \"white\", \"italic\": false, \"font\": \"tribe_civilization:icons\"}, {\"translate\":\"tribe_civilization\", \"italic\": true, \"color\": \"blue\"}]']}}}, 'clickEvent': {'action': 'change_page', 'value': '13'}}, '\\u0022', {'text':'\\u0031\\u0024', 'hoverEvent': {'action': 'show_item', 'contents': {'id': 'command_block', 'components': {'item_name': '{\"translate\":\"tribe_civilization.astral_powder\", \"italic\": false, \"color\": \"white\"}', 'lore': ['[\"\", {\"text\":\"I\", \"color\": \"white\", \"italic\": false, \"font\": \"tribe_civilization:icons\"}, {\"translate\":\"tribe_civilization\", \"italic\": true, \"color\": \"blue\"}]']}}}, 'clickEvent': {'action': 'change_page', 'value': '6'}}, {'text':'\\u0031\\u0024', 'hoverEvent': {'action': 'show_item', 'contents': {'id': 'command_block', 'components': {'item_name': '{\"translate\":\"tribe_civilization.purple_crystal\", \"italic\": false, \"color\": \"white\"}', 'lore': ['[\"\", {\"text\":\"I\", \"color\": \"white\", \"italic\": false, \"font\": \"tribe_civilization:icons\"}, {\"translate\":\"tribe_civilization\", \"italic\": true, \"color\": \"blue\"}]']}}}, 'clickEvent': {'action': 'change_page', 'value': '12'}}, {'text':'\\u0031\\u0024\\n', 'hoverEvent': {'action': 'show_item', 'contents': {'id': 'command_block', 'components': {'item_name': '{\"translate\":\"tribe_civilization.yellow_crystal\", \"italic\": false, \"color\": \"white\"}', 'lore': ['[\"\", {\"text\":\"I\", \"color\": \"white\", \"italic\": false, \"font\": \"tribe_civilization:icons\"}, {\"translate\":\"tribe_civilization\", \"italic\": true, \"color\": \"blue\"}]']}}}, 'clickEvent': {'action': 'change_page', 'value': '13'}}, '\\u0022', {'text':'\\u0024\\u8031', 'hoverEvent': {'action': 'show_item', 'contents': {'id': 'command_block', 'components': {'item_name': '{\"translate\":\"tribe_civilization.green_crystal\", \"italic\": false, \"color\": \"white\"}', 'lore': ['[\"\", {\"text\":\"I\", \"color\": \"white\", \"italic\": false, \"font\": \"tribe_civilization:icons\"}, {\"translate\":\"tribe_civilization\", \"italic\": true, \"color\": \"blue\"}]']}}}, 'clickEvent': {'action': 'change_page', 'value': '14'}}, {'text':'\\u0024\\u8033', 'hoverEvent': {'action': 'show_item', 'contents': {'id': 'command_block', 'components': {'item_name': '{\"translate\":\"tribe_civilization.cyan_crystal\", \"italic\": false, \"color\": \"white\"}', 'lore': ['[\"\", {\"text\":\"I\", \"color\": \"white\", \"italic\": false, \"font\": \"tribe_civilization:icons\"}, {\"translate\":\"tribe_civilization\", \"italic\": true, \"color\": \"blue\"}]']}}}, 'clickEvent': {'action': 'change_page', 'value': '15'}}, '\\u0031\\u0024\\u0022\\u0022', {'text':'\\u0024\\u0024\\u8037\\n', 'hoverEvent': {'action': 'show_item', 'contents': {'id': 'golden_apple', 'components': {'item_name': '{\"translate\":\"tribe_civilization.life_crystal\", \"italic\": false, \"color\": \"white\"}', 'lore': ['[\"\", {\"text\":\"I\", \"color\": \"white\", \"italic\": false, \"font\": \"tribe_civilization:icons\"}, {\"translate\":\"tribe_civilization\", \"italic\": true, \"color\": \"blue\"}]']}}}}, '\\u0022', {'text':'\\u0031\\u0024', 'hoverEvent': {'action': 'show_item', 'contents': {'id': 'command_block', 'components': {'item_name': '{\"translate\":\"tribe_civilization.green_crystal\", \"italic\": false, \"color\": \"white\"}', 'lore': ['[\"\", {\"text\":\"I\", \"color\": \"white\", \"italic\": false, \"font\": \"tribe_civilization:icons\"}, {\"translate\":\"tribe_civilization\", \"italic\": true, \"color\": \"blue\"}]']}}}, 'clickEvent': {'action': 'change_page', 'value': '14'}}, {'text':'\\u0031\\u0024', 'hoverEvent': {'action': 'show_item', 'contents': {'id': 'command_block', 'components': {'item_name': '{\"translate\":\"tribe_civilization.cyan_crystal\", \"italic\": false, \"color\": \"white\"}', 'lore': ['[\"\", {\"text\":\"I\", \"color\": \"white\", \"italic\": false, \"font\": \"tribe_civilization:icons\"}, {\"translate\":\"tribe_civilization\", \"italic\": true, \"color\": \"blue\"}]']}}}, 'clickEvent': {'action': 'change_page', 'value': '15'}}, '\\u0031\\u0024\\u0022\\u0022', {'text':'\\u0031\\u0024\\n\\n\\n\\n', 'hoverEvent': {'action': 'show_item', 'contents': {'id': 'golden_apple', 'components': {'item_name': '{\"translate\":\"tribe_civilization.life_crystal\", \"italic\": false, \"color\": \"white\"}', 'lore': ['[\"\", {\"text\":\"I\", \"color\": \"white\", \"italic\": false, \"font\": \"tribe_civilization:icons\"}, {\"translate\":\"tribe_civilization\", \"italic\": true, \"color\": \"blue\"}]']}}}}, {'text':'\\u0027\\n', 'hoverEvent': {'action': 'show_text', 'contents': [{'text':''}, [{'text':'', 'font': 'tribe_civilization:manual', 'color': 'white'}, '\\u0022\\u002e\\n\\u0022\\u0024\\u8021\\u0024\\u802d\\u0024\\u802f\\n\\u0022\\u0031\\u0024\\u0031\\u0024\\u0031\\u0024\\n\\u0022\\u0024\\u8031\\u0024\\u8033\\u0031\\u0024\\u0022\\u0022\\u0024\\u0024\\u8037\\n\\u0022\\u0031\\u0024\\u0031\\u0024\\u0031\\u0024\\u0022\\u0022\\u0031\\u0024\\n\\n\\n'], {'translate':'tribe_civilization.x1_astral_powder_x1_purple_crystal_x1_yellow_crystal_x1_green_c', 'color': 'gray'}]}}, {'text':'\\u0025\\u0023\\u0023', 'hoverEvent': {'action': 'show_text', 'contents': [{'text':''}, [{'text':'', 'font': 'tribe_civilization:manual', 'color': 'white'}, '\\u0022\\u002e\\n\\u0022\\u0024\\u8021\\u0024\\u802d\\u0024\\u802f\\n\\u0022\\u0031\\u0024\\u0031\\u0024\\u0031\\u0024\\n\\u0022\\u0024\\u8031\\u0024\\u8033\\u0031\\u0024\\u0022\\u0022\\u0024\\u0024\\u8037\\n\\u0022\\u0031\\u0024\\u0031\\u0024\\u0031\\u0024\\u0022\\u0022\\u0031\\u0024\\n\\n\\n'], {'translate':'tribe_civilization.x1_astral_powder_x1_purple_crystal_x1_yellow_crystal_x1_green_c', 'color': 'gray'}]}}]","[{'text':'', 'font': 'tribe_civilization:manual', 'color': 'white'}, {'text':'Lunar Compass\\n', 'font': 'minecraft:default', 'color': 'black', 'underlined': True}, '\\u0022\\u002a\\n\\u0022', {'text':'\\u0024\\u8023', 'hoverEvent': {'action': 'show_item', 'contents': {'id': 'command_block', 'components': {'item_name': '{\"translate\":\"tribe_civilization.diamond_meteorite\", \"italic\": false, \"color\": \"white\"}', 'lore': ['[\"\", {\"text\":\"I\", \"color\": \"white\", \"italic\": false, \"font\": \"tribe_civilization:icons\"}, {\"translate\":\"tribe_civilization\", \"italic\": true, \"color\": \"blue\"}]']}}}, 'clickEvent': {'action': 'change_page', 'value': '7'}}, {'text':'\\u0024\\u8025', 'hoverEvent': {'action': 'show_item', 'contents': {'id': 'command_block', 'components': {'item_name': '{\"translate\":\"tribe_civilization.emerald_meteorite\", \"italic\": false, \"color\": \"white\"}', 'lore': ['[\"\", {\"text\":\"I\", \"color\": \"white\", \"italic\": false, \"font\": \"tribe_civilization:icons\"}, {\"translate\":\"tribe_civilization\", \"italic\": true, \"color\": \"blue\"}]']}}}, 'clickEvent': {'action': 'change_page', 'value': '8'}}, {'text':'\\u0024\\u8027\\n', 'hoverEvent': {'action': 'show_item', 'contents': {'id': 'command_block', 'components': {'item_name': '{\"translate\":\"tribe_civilization.iron_meteorite\", \"italic\": false, \"color\": \"white\"}', 'lore': ['[\"\", {\"text\":\"I\", \"color\": \"white\", \"italic\": false, \"font\": \"tribe_civilization:icons\"}, {\"translate\":\"tribe_civilization\", \"italic\": true, \"color\": \"blue\"}]']}}}, 'clickEvent': {'action': 'change_page', 'value': '9'}}, '\\u0022', {'text':'\\u0031\\u0024', 'hoverEvent': {'action': 'show_item', 'contents': {'id': 'command_block', 'components': {'item_name': '{\"translate\":\"tribe_civilization.diamond_meteorite\", \"italic\": false, \"color\": \"white\"}', 'lore': ['[\"\", {\"text\":\"I\", \"color\": \"white\", \"italic\": false, \"font\": \"tribe_civilization:icons\"}, {\"translate\":\"tribe_civilization\", \"italic\": true, \"color\": \"blue\"}]']}}}, 'clickEvent': {'action': 'change_page', 'value': '7'}}, {'text':'\\u0031\\u0024', 'hoverEvent': {'action': 'show_item', 'contents': {'id': 'command_block', 'components': {'item_name': '{\"translate\":\"tribe_civilization.emerald_meteorite\", \"italic\": false, \"color\": \"white\"}', 'lore': ['[\"\", {\"text\":\"I\", \"color\": \"white\", \"italic\": false, \"font\": \"tribe_civilization:icons\"}, {\"translate\":\"tribe_civilization\", \"italic\": true, \"color\": \"blue\"}]']}}}, 'clickEvent': {'action': 'change_page', 'value': '8'}}, {'text':'\\u0031\\u0024\\n', 'hoverEvent': {'action': 'show_item', 'contents': {'id': 'command_block', 'components': {'item_name': '{\"translate\":\"tribe_civilization.iron_meteorite\", \"italic\": false, \"color\": \"white\"}', 'lore': ['[\"\", {\"text\":\"I\", \"color\": \"white\", \"italic\": false, \"font\": \"tribe_civilization:icons\"}, {\"translate\":\"tribe_civilization\", \"italic\": true, \"color\": \"blue\"}]']}}}, 'clickEvent': {'action': 'change_page', 'value': '9'}}, '\\u0022', {'text':'\\u0024\\u8029', 'hoverEvent': {'action': 'show_item', 'contents': {'id': 'command_block', 'components': {'item_name': '{\"translate\":\"tribe_civilization.zinc_meteorite\", \"italic\": false, \"color\": \"white\"}', 'lore': ['[\"\", {\"text\":\"I\", \"color\": \"white\", \"italic\": false, \"font\": \"tribe_civilization:icons\"}, {\"translate\":\"tribe_civilization\", \"italic\": true, \"color\": \"blue\"}]']}}}, 'clickEvent': {'action': 'change_page', 'value': '10'}}, {'text':'\\u0024\\u802b', 'hoverEvent': {'action': 'show_item', 'contents': {'id': 'command_block', 'components': {'item_name': '{\"translate\":\"tribe_civilization.blue_star\", \"italic\": false, \"color\": \"white\"}', 'lore': ['[\"\", {\"text\":\"I\", \"color\": \"white\", \"italic\": false, \"font\": \"tribe_civilization:icons\"}, {\"translate\":\"tribe_civilization\", \"italic\": true, \"color\": \"blue\"}]']}}}, 'clickEvent': {'action': 'change_page', 'value': '11'}}, '\\u0031\\u0024\\u0022\\u0022', {'text':'\\u0024\\u0024\\u8039\\n', 'hoverEvent': {'action': 'show_item', 'contents': {'id': 'command_block', 'components': {'item_name': '{\"translate\":\"tribe_civilization.lunar_compass\", \"italic\": false, \"color\": \"white\"}', 'lore': ['[\"\", {\"text\":\"I\", \"color\": \"white\", \"italic\": false, \"font\": \"tribe_civilization:icons\"}, {\"translate\":\"tribe_civilization\", \"italic\": true, \"color\": \"blue\"}]']}}}}, '\\u0022', {'text':'\\u0031\\u0024', 'hoverEvent': {'action': 'show_item', 'contents': {'id': 'command_block', 'components': {'item_name': '{\"translate\":\"tribe_civilization.zinc_meteorite\", \"italic\": false, \"color\": \"white\"}', 'lore': ['[\"\", {\"text\":\"I\", \"color\": \"white\", \"italic\": false, \"font\": \"tribe_civilization:icons\"}, {\"translate\":\"tribe_civilization\", \"italic\": true, \"color\": \"blue\"}]']}}}, 'clickEvent': {'action': 'change_page', 'value': '10'}}, {'text':'\\u0031\\u0024', 'hoverEvent': {'action': 'show_item', 'contents': {'id': 'command_block', 'components': {'item_name': '{\"translate\":\"tribe_civilization.blue_star\", \"italic\": false, \"color\": \"white\"}', 'lore': ['[\"\", {\"text\":\"I\", \"color\": \"white\", \"italic\": false, \"font\": \"tribe_civilization:icons\"}, {\"translate\":\"tribe_civilization\", \"italic\": true, \"color\": \"blue\"}]']}}}, 'clickEvent': {'action': 'change_page', 'value': '11'}}, '\\u0031\\u0024\\u0022\\u0022', {'text':'\\u0031\\u0024\\n\\n\\n\\n', 'hoverEvent': {'action': 'show_item', 'contents': {'id': 'command_block', 'components': {'item_name': '{\"translate\":\"tribe_civilization.lunar_compass\", \"italic\": false, \"color\": \"white\"}', 'lore': ['[\"\", {\"text\":\"I\", \"color\": \"white\", \"italic\": false, \"font\": \"tribe_civilization:icons\"}, {\"translate\":\"tribe_civilization\", \"italic\": true, \"color\": \"blue\"}]']}}}}, {'text':'\\u0027\\n', 'hoverEvent': {'action': 'show_text', 'contents': [{'text':''}, [{'text':'', 'font': 'tribe_civilization:manual', 'color': 'white'}, '\\u0022\\u002e\\n\\u0022\\u0024\\u8023\\u0024\\u8025\\u0024\\u8027\\n\\u0022\\u0031\\u0024\\u0031\\u0024\\u0031\\u0024\\n\\u0022\\u0024\\u8029\\u0024\\u802b\\u0031\\u0024\\u0022\\u0022\\u0024\\u0024\\u8039\\n\\u0022\\u0031\\u0024\\u0031\\u0024\\u0031\\u0024\\u0022\\u0022\\u0031\\u0024\\n\\n\\n'], {'translate':'tribe_civilization.x1_diamond_meteorite_x1_emerald_meteorite_x1_iron_meteorite_x1', 'color': 'gray'}]}}, {'text':'\\u0025\\u0023\\u0023', 'hoverEvent': {'action': 'show_text', 'contents': [{'text':''}, [{'text':'', 'font': 'tribe_civilization:manual', 'color': 'white'}, '\\u0022\\u002e\\n\\u0022\\u0024\\u8023\\u0024\\u8025\\u0024\\u8027\\n\\u0022\\u0031\\u0024\\u0031\\u0024\\u0031\\u0024\\n\\u0022\\u0024\\u8029\\u0024\\u802b\\u0031\\u0024\\u0022\\u0022\\u0024\\u0024\\u8039\\n\\u0022\\u0031\\u0024\\u0031\\u0024\\u0031\\u0024\\u0022\\u0022\\u0031\\u0024\\n\\n\\n'], {'translate':'tribe_civilization.x1_diamond_meteorite_x1_emerald_meteorite_x1_iron_meteorite_x1', 'color': 'gray'}]}}]","[{'text':'', 'font': 'tribe_civilization:manual', 'color': 'white'}, {'text':'Letter\\n', 'font': 'minecraft:default', 'color': 'black', 'underlined': True}, '\\u0021\\u0021\\u1032\\n\\u0021\\u0021', {'text':'\\u0020\\u0020\\n', 'hoverEvent': {'action': 'show_item', 'contents': {'id': 'command_block', 'components': {'item_name': '{\"translate\":\"tribe_civilization.letter\", \"italic\": false, \"color\": \"white\"}', 'lore': ['[\"\", {\"text\":\"I\", \"color\": \"white\", \"italic\": false, \"font\": \"tribe_civilization:icons\"}, {\"translate\":\"tribe_civilization\", \"italic\": true, \"color\": \"blue\"}]']}}}, 'clickEvent': {'action': 'change_page', 'value': '19'}}, '\\u0021\\u0021', {'text':'\\u0020\\u0020\\n', 'hoverEvent': {'action': 'show_item', 'contents': {'id': 'command_block', 'components': {'item_name': '{\"translate\":\"tribe_civilization.letter\", \"italic\": false, \"color\": \"white\"}', 'lore': ['[\"\", {\"text\":\"I\", \"color\": \"white\", \"italic\": false, \"font\": \"tribe_civilization:icons\"}, {\"translate\":\"tribe_civilization\", \"italic\": true, \"color\": \"blue\"}]']}}}, 'clickEvent': {'action': 'change_page', 'value': '19'}}, '\\u0021\\u0021', {'text':'\\u0020\\u0020\\n', 'hoverEvent': {'action': 'show_item', 'contents': {'id': 'command_block', 'components': {'item_name': '{\"translate\":\"tribe_civilization.letter\", \"italic\": false, \"color\": \"white\"}', 'lore': ['[\"\", {\"text\":\"I\", \"color\": \"white\", \"italic\": false, \"font\": \"tribe_civilization:icons\"}, {\"translate\":\"tribe_civilization\", \"italic\": true, \"color\": \"blue\"}]']}}}, 'clickEvent': {'action': 'change_page', 'value': '19'}}, '\\u0021\\u0021', {'text':'\\u0020\\u0020\\n', 'hoverEvent': {'action': 'show_item', 'contents': {'id': 'command_block', 'components': {'item_name': '{\"translate\":\"tribe_civilization.letter\", \"italic\": false, \"color\": \"white\"}', 'lore': ['[\"\", {\"text\":\"I\", \"color\": \"white\", \"italic\": false, \"font\": \"tribe_civilization:icons\"}, {\"translate\":\"tribe_civilization\", \"italic\": true, \"color\": \"blue\"}]']}}}, 'clickEvent': {'action': 'change_page', 'value': '19'}}]"]
								},
								"minecraft:lore": [
									"['', {'text':'I', 'color': 'white', 'italic': false, 'font': 'tribe_civilization:icons'}, {'translate':'tribe_civilization', 'italic': true, 'color': 'blue'}]"
								],
								"minecraft:item_model": "tribe_civilization:manual",
								"minecraft:enchantment_glint_override": false,
								"minecraft:max_stack_size": 1
							}
						}
					]
				}
			]
		}
	]
}
