{
	"pools": [
		{
			"rolls": 1,
			"entries": [
				{
					"type": "minecraft:item",
					"name": "minecraft:written_book",
					"functions": [
						{
							"function": "minecraft:set_components",
							"components": {
								"minecraft:written_book_content": {
									"title": "Tribe Civilization Manual",
									"author": "Stoupy51",
									"pages": ["[{'text':''}, {'translate':'tribe_civilization_manual', 'underlined': True}, {'text':'\\u0021\\u0021\\u1020\\n\\n\\n\\n\\n\\n', 'font': 'tribe_civilization:manual', 'color': 'white'}, {'translate':'tribe_civilization.guide_spirituel_des_nebuliens_ces_recettes_ont_ete_decouvertes_r', 'color': '#505050', 'font': 'minecraft:illageralt'}]","[{'text':'', 'font': 'tribe_civilization:manual', 'color': 'white'}, {'text':'➤ ', 'font': 'minecraft:default', 'color': 'black'}, {'translate':'tribe_civilization.category_browser', 'font': 'minecraft:default', 'color': 'black', 'underlined': True}, '\\u0022\\u1021\\n']"]
								},
								"minecraft:lore": [
									"['', {'text':'I', 'color': 'white', 'italic': false, 'font': 'tribe_civilization:icons'}, {'translate':'tribe_civilization', 'italic': true, 'color': 'blue'}]"
								],
								"minecraft:item_model": "tribe_civilization:manual",
								"minecraft:enchantment_glint_override": false,
								"minecraft:max_stack_size": 1
							}
						}
					]
				}
			]
		}
	]
}
