{
  "type": "minecraft:chest",
  "pools": [
    {
      "bonus_rolls": 0.0,
      "entries": [
        {
          "type": "minecraft:item",
          "functions": [
            {
              "add": false,
              "count": {
                "type": "minecraft:uniform",
                "max": 9.0,
                "min": 6.0
              },
              "function": "minecraft:set_count"
            }
          ],
          "name": "minecraft:copper_ingot",
          "weight": 20
        },
        {
          "type": "minecraft:item",
          "functions": [
            {
              "add": false,
              "count": {
                "type": "minecraft:uniform",
                "max": 5.0,
                "min": 3.0
              },
              "function": "minecraft:set_count"
            }
          ],
          "name": "minecraft:golden_carrot",
          "weight": 8
        },
        {
          "type": "minecraft:item",
          "name": "minecraft:golden_apple",
          "weight": 8
        },
		    {
          "type": "minecraft:item",
          "functions": [
            {
              "add": false,
              "count": {
                "type": "minecraft:uniform",
                "max": 6.0,
                "min": 3.0
              },
              "function": "minecraft:set_count"
            }
          ],
          "name": "minecraft:cooked_chicken",
          "weight": 24
        },
        {
          "type": "minecraft:item",
          "functions": [
            {
              "add": false,
              "count": {
                "type": "minecraft:uniform",
                "max": 6.0,
                "min": 2.0
              },
              "function": "minecraft:set_count"
            }
          ],
          "name": "minecraft:experience_bottle",
          "weight": 24
        },
        {
          "type": "minecraft:item",
          "functions": [
            {
              "add": false,
              "count": {
                "type": "minecraft:uniform",
                "max": 12.0,
                "min": 5.0
              },
              "function": "minecraft:set_count"
            }
          ],
          "name": "minecraft:arrow",
          "weight": 24
        },
        {
          "type": "minecraft:item",
          "functions": [
            {
              "add": false,
              "count": 1.0,
              "function": "minecraft:set_count"
            }
          ],
          "name": "minecraft:gold_ingot",
          "weight": 12
        },
        {
          "type": "minecraft:item",
          "functions": [
            {
              "add": false,
              "count": 2.0,
              "function": "minecraft:set_count"
            }
          ],
          "name": "minecraft:iron_ingot",
          "weight": 12
        },
        {
          "type": "minecraft:item",
          "functions": [
            {
              "add": false,
              "count": 3.0,
              "function": "minecraft:set_count"
            }
          ],
          "name": "minecraft:emerald",
          "weight": 12
        },
        {
          "type": "minecraft:item",
          "functions": [
            {
              "add": false,
              "count": 1.0,
              "function": "minecraft:set_count"
            },
            {
              "function": "minecraft:set_potion",
              "id": "minecraft:strength"
            }
          ],
          "name": "minecraft:potion",
          "weight": 1
        },
        {
          "type": "minecraft:item",
          "functions": [
            {
              "add": false,
              "count": 1.0,
              "function": "minecraft:set_count"
            },
            {
              "function": "minecraft:set_potion",
              "id": "minecraft:slow_falling"
            }
          ],
          "name": "minecraft:potion",
          "weight": 1
        },
        {
          "type": "minecraft:item",
          "functions": [
            {
              "add": false,
              "count": 1.0,
              "function": "minecraft:set_count"
            },
            {
              "function": "minecraft:set_potion",
              "id": "minecraft:swiftness"
            }
          ],
          "name": "minecraft:potion",
          "weight": 1
        },
        {
          "type": "minecraft:item",
          "functions": [
            {
              "add": false,
              "count": 1.0,
              "function": "minecraft:set_count"
            },
            {
              "function": "minecraft:set_potion",
              "id": "minecraft:strong_leaping"
            }
          ],
          "name": "minecraft:potion",
          "weight": 1
        },
        {
          "type": "minecraft:item",
          "functions": [
            {
              "add": false,
              "count": 1.0,
              "function": "minecraft:set_count"
            }
          ],
          "name": "minecraft:ender_pearl",
          "weight": 8
        },
        {
          "type": "minecraft:item",
          "functions": [
            {
              "add": false,
              "count": {
                "max": 4,
                "min": 1
              },
              "function": "minecraft:set_count"
            }
          ],
          "name": "minecraft:wind_charge",
          "weight": 6
        }
      ],
      "rolls": 1.0
    }
  ],
  "functions": [
    {
      "function": "minecraft:reference",
      "name": "nova_structures:loot_modifier"
    }
  ]
}