{
    "pools": [
      {
        "rolls": 1,
        "entries": [
          {
            "type": "minecraft:item",
            "name": "minecraft:chainmail_leggings",
            "weight": 3
          },
          {
            "type": "minecraft:item",
            "name": "minecraft:iron_leggings",
            "weight": 3
          },
          {
            "type": "minecraft:item",
            "name": "minecraft:chainmail_leggings",
            "weight": 1,
            "functions": [
              {
                "function": "minecraft:set_enchantments",
                "enchantments": {
                  "minecraft:blast_protection": {
                    "min": 1,
                    "max": 3
                  }
                }
              }
            ]
          },
          {
            "type": "minecraft:item",
            "name": "minecraft:iron_leggings",
            "weight": 1,
            "functions": [
              {
                "function": "minecraft:set_enchantments",
                "enchantments": {
                  "minecraft:blast_protection": {
                    "min": 1,
                    "max": 2
                  }
                }
              }
            ]
          },
          {
            "type": "minecraft:item",
            "name": "minecraft:chainmail_leggings",
            "weight": 1,
            "functions": [
              {
                "function": "minecraft:set_enchantments",
                "enchantments": {
                  "minecraft:protection": {
                    "min": 0,
                    "max": 3
                  },
                  "minecraft:unbreaking": {
                    "min": 0,
                    "max": 3
                  }
                }
              }
            ]
          },
          {
            "type": "minecraft:item",
            "name": "minecraft:iron_leggings",
            "weight": 1,
            "functions": [
              {
                "function": "minecraft:set_enchantments",
                "enchantments": {
                  "minecraft:unbreaking": {
                    "min": 0,
                    "max": 2
                  },
                  "minecraft:protection": {
                    "min": 0,
                    "max": 2
                  }
                }
              }
            ]
          }
        ]
      }
    ]
  }
  