{
  "providers": [
    {
      "type": "bitmap",
      "file": "tribe_civilization:font/category/material.png",
      "ascent": 0,
      "height": 130,
      "chars": [
        "\u1023"
      ]
    },
    {
      "type": "bitmap",
      "file": "tribe_civilization:font/high_res/astral_powder.png",
      "ascent": 7,
      "height": 16,
      "chars": [
        "\u8021"
      ]
    },
    {
      "type": "bitmap",
      "file": "tribe_civilization:font/high_res/diamond_meteorite.png",
      "ascent": 7,
      "height": 16,
      "chars": [
        "\u8023"
      ]
    },
    {
      "type": "bitmap",
      "file": "tribe_civilization:font/high_res/emerald_meteorite.png",
      "ascent": 7,
      "height": 16,
      "chars": [
        "\u8025"
      ]
    },
    {
      "type": "bitmap",
      "file": "tribe_civilization:font/high_res/iron_meteorite.png",
      "ascent": 7,
      "height": 16,
      "chars": [
        "\u8027"
      ]
    },
    {
      "type": "bitmap",
      "file": "tribe_civilization:font/high_res/zinc_meteorite.png",
      "ascent": 7,
      "height": 16,
      "chars": [
        "\u8029"
      ]
    },
    {
      "type": "bitmap",
      "file": "tribe_civilization:font/high_res/blue_star.png",
      "ascent": 7,
      "height": 16,
      "chars": [
        "\u802b"
      ]
    },
    {
      "type": "bitmap",
      "file": "tribe_civilization:font/high_res/purple_crystal.png",
      "ascent": 7,
      "height": 16,
      "chars": [
        "\u802d"
      ]
    },
    {
      "type": "bitmap",
      "file": "tribe_civilization:font/high_res/yellow_crystal.png",
      "ascent": 7,
      "height": 16,
      "chars": [
        "\u802f"
      ]
    },
    {
      "type": "bitmap",
      "file": "tribe_civilization:font/high_res/green_crystal.png",
      "ascent": 7,
      "height": 16,
      "chars": [
        "\u8031"
      ]
    },
    {
      "type": "bitmap",
      "file": "tribe_civilization:font/high_res/cyan_crystal.png",
      "ascent": 7,
      "height": 16,
      "chars": [
        "\u8033"
      ]
    },
    {
      "type": "bitmap",
      "file": "tribe_civilization:font/category/miscellaneous.png",
      "ascent": 0,
      "height": 130,
      "chars": [
        "\u1024"
      ]
    },
    {
      "type": "bitmap",
      "file": "tribe_civilization:font/high_res/gold_fish.png",
      "ascent": 7,
      "height": 16,
      "chars": [
        "\u8035"
      ]
    },
    {
      "type": "bitmap",
      "file": "tribe_civilization:font/high_res/life_crystal.png",
      "ascent": 7,
      "height": 16,
      "chars": [
        "\u8037"
      ]
    },
    {
      "type": "bitmap",
      "file": "tribe_civilization:font/high_res/lunar_compass.png",
      "ascent": 7,
      "height": 16,
      "chars": [
        "\u8039"
      ]
    },
    {
      "type": "bitmap",
      "file": "tribe_civilization:font/high_res/letter.png",
      "ascent": 7,
      "height": 16,
      "chars": [
        "\u803b"
      ]
    },
    {
      "type": "bitmap",
      "file": "tribe_civilization:font/high_res/astral_powder_2.png",
      "ascent": 7,
      "height": 16,
      "chars": [
        "\u803d"
      ]
    },
    {
      "type": "bitmap",
      "file": "tribe_civilization:font/high_res/gold_fish_2.png",
      "ascent": 7,
      "height": 16,
      "chars": [
        "\u8041"
      ]
    },
    {
      "type": "bitmap",
      "file": "tribe_civilization:font/wiki_icons/tribe_civilization_gold_fish.png",
      "ascent": 8,
      "height": 16,
      "chars": [
        "\u8044"
      ]
    },
    {
      "type": "bitmap",
      "file": "tribe_civilization:font/wiki_icons/tribe_civilization_life_crystal.png",
      "ascent": 8,
      "height": 16,
      "chars": [
        "\u804b"
      ]
    },
    {
      "type": "bitmap",
      "file": "tribe_civilization:font/page/diamond_meteorite.png",
      "ascent": 0,
      "height": 40,
      "chars": [
        "\u1026"
      ]
    },
    {
      "type": "bitmap",
      "file": "tribe_civilization:font/wiki_icons/tribe_civilization_lunar_compass.png",
      "ascent": 8,
      "height": 16,
      "chars": [
        "\u8053"
      ]
    },
    {
      "type": "bitmap",
      "file": "tribe_civilization:font/page/emerald_meteorite.png",
      "ascent": 0,
      "height": 40,
      "chars": [
        "\u1027"
      ]
    },
    {
      "type": "bitmap",
      "file": "tribe_civilization:font/wiki_icons/tribe_civilization_lunar_compass.png",
      "ascent": 8,
      "height": 16,
      "chars": [
        "\u805b"
      ]
    },
    {
      "type": "bitmap",
      "file": "tribe_civilization:font/page/iron_meteorite.png",
      "ascent": 0,
      "height": 40,
      "chars": [
        "\u1028"
      ]
    },
    {
      "type": "bitmap",
      "file": "tribe_civilization:font/wiki_icons/tribe_civilization_lunar_compass.png",
      "ascent": 8,
      "height": 16,
      "chars": [
        "\u8063"
      ]
    },
    {
      "type": "bitmap",
      "file": "tribe_civilization:font/page/zinc_meteorite.png",
      "ascent": 0,
      "height": 40,
      "chars": [
        "\u1029"
      ]
    },
    {
      "type": "bitmap",
      "file": "tribe_civilization:font/wiki_icons/tribe_civilization_lunar_compass.png",
      "ascent": 8,
      "height": 16,
      "chars": [
        "\u806b"
      ]
    },
    {
      "type": "bitmap",
      "file": "tribe_civilization:font/page/blue_star.png",
      "ascent": 0,
      "height": 40,
      "chars": [
        "\u102a"
      ]
    },
    {
      "type": "bitmap",
      "file": "tribe_civilization:font/high_res/diamond_2.png",
      "ascent": 7,
      "height": 16,
      "chars": [
        "\u806d"
      ]
    },
    {
      "type": "bitmap",
      "file": "tribe_civilization:font/high_res/diamond.png",
      "ascent": 7,
      "height": 16,
      "chars": [
        "\u806f"
      ]
    },
    {
      "type": "bitmap",
      "file": "tribe_civilization:font/wiki_icons/minecraft_diamond.png",
      "ascent": 8,
      "height": 16,
      "chars": [
        "\u8070"
      ]
    },
    {
      "type": "bitmap",
      "file": "tribe_civilization:font/high_res/emerald_2.png",
      "ascent": 7,
      "height": 16,
      "chars": [
        "\u8071"
      ]
    },
    {
      "type": "bitmap",
      "file": "tribe_civilization:font/high_res/emerald.png",
      "ascent": 7,
      "height": 16,
      "chars": [
        "\u8073"
      ]
    },
    {
      "type": "bitmap",
      "file": "tribe_civilization:font/wiki_icons/minecraft_emerald.png",
      "ascent": 8,
      "height": 16,
      "chars": [
        "\u8074"
      ]
    },
    {
      "type": "bitmap",
      "file": "tribe_civilization:font/high_res/gold_ingot_4.png",
      "ascent": 7,
      "height": 16,
      "chars": [
        "\u8075"
      ]
    },
    {
      "type": "bitmap",
      "file": "tribe_civilization:font/high_res/gold_ingot.png",
      "ascent": 7,
      "height": 16,
      "chars": [
        "\u8077"
      ]
    },
    {
      "type": "bitmap",
      "file": "tribe_civilization:font/wiki_icons/minecraft_gold_ingot.png",
      "ascent": 8,
      "height": 16,
      "chars": [
        "\u8078"
      ]
    },
    {
      "type": "bitmap",
      "file": "tribe_civilization:font/high_res/iron_ingot_8.png",
      "ascent": 7,
      "height": 16,
      "chars": [
        "\u8079"
      ]
    },
    {
      "type": "bitmap",
      "file": "tribe_civilization:font/high_res/iron_ingot.png",
      "ascent": 7,
      "height": 16,
      "chars": [
        "\u807b"
      ]
    },
    {
      "type": "bitmap",
      "file": "tribe_civilization:font/wiki_icons/minecraft_iron_ingot.png",
      "ascent": 8,
      "height": 16,
      "chars": [
        "\u807c"
      ]
    },
    {
      "type": "bitmap",
      "file": "tribe_civilization:font/wiki_icons/tribe_civilization_astral_powder.png",
      "ascent": 8,
      "height": 16,
      "chars": [
        "\u807f"
      ]
    },
    {
      "type": "bitmap",
      "file": "tribe_civilization:font/wiki_icons/tribe_civilization_lunar_compass.png",
      "ascent": 8,
      "height": 16,
      "chars": [
        "\u8086"
      ]
    },
    {
      "type": "bitmap",
      "file": "tribe_civilization:font/wiki_icons/tribe_civilization_yellow_crystal.png",
      "ascent": 8,
      "height": 16,
      "chars": [
        "\u8093"
      ]
    },
    {
      "type": "bitmap",
      "file": "tribe_civilization:font/wiki_icons/tribe_civilization_green_crystal.png",
      "ascent": 8,
      "height": 16,
      "chars": [
        "\u8098"
      ]
    },
    {
      "type": "bitmap",
      "file": "tribe_civilization:font/wiki_icons/tribe_civilization_cyan_crystal.png",
      "ascent": 8,
      "height": 16,
      "chars": [
        "\u809d"
      ]
    },
    {
      "type": "bitmap",
      "file": "tribe_civilization:font/wiki_icons/tribe_civilization_life_crystal.png",
      "ascent": 8,
      "height": 16,
      "chars": [
        "\u80a4"
      ]
    },
    {
      "type": "bitmap",
      "file": "tribe_civilization:font/wiki_icons/tribe_civilization_purple_crystal.png",
      "ascent": 8,
      "height": 16,
      "chars": [
        "\u80b1"
      ]
    },
    {
      "type": "bitmap",
      "file": "tribe_civilization:font/wiki_icons/tribe_civilization_green_crystal.png",
      "ascent": 8,
      "height": 16,
      "chars": [
        "\u80b6"
      ]
    },
    {
      "type": "bitmap",
      "file": "tribe_civilization:font/wiki_icons/tribe_civilization_cyan_crystal.png",
      "ascent": 8,
      "height": 16,
      "chars": [
        "\u80bb"
      ]
    },
    {
      "type": "bitmap",
      "file": "tribe_civilization:font/wiki_icons/tribe_civilization_life_crystal.png",
      "ascent": 8,
      "height": 16,
      "chars": [
        "\u80c2"
      ]
    },
    {
      "type": "bitmap",
      "file": "tribe_civilization:font/wiki_icons/tribe_civilization_purple_crystal.png",
      "ascent": 8,
      "height": 16,
      "chars": [
        "\u80cf"
      ]
    },
    {
      "type": "bitmap",
      "file": "tribe_civilization:font/wiki_icons/tribe_civilization_yellow_crystal.png",
      "ascent": 8,
      "height": 16,
      "chars": [
        "\u80d4"
      ]
    },
    {
      "type": "bitmap",
      "file": "tribe_civilization:font/wiki_icons/tribe_civilization_cyan_crystal.png",
      "ascent": 8,
      "height": 16,
      "chars": [
        "\u80d9"
      ]
    },
    {
      "type": "bitmap",
      "file": "tribe_civilization:font/wiki_icons/tribe_civilization_life_crystal.png",
      "ascent": 8,
      "height": 16,
      "chars": [
        "\u80e0"
      ]
    },
    {
      "type": "bitmap",
      "file": "tribe_civilization:font/wiki_icons/tribe_civilization_purple_crystal.png",
      "ascent": 8,
      "height": 16,
      "chars": [
        "\u80ed"
      ]
    },
    {
      "type": "bitmap",
      "file": "tribe_civilization:font/wiki_icons/tribe_civilization_yellow_crystal.png",
      "ascent": 8,
      "height": 16,
      "chars": [
        "\u80f2"
      ]
    },
    {
      "type": "bitmap",
      "file": "tribe_civilization:font/wiki_icons/tribe_civilization_green_crystal.png",
      "ascent": 8,
      "height": 16,
      "chars": [
        "\u80f7"
      ]
    },
    {
      "type": "bitmap",
      "file": "tribe_civilization:font/wiki_icons/tribe_civilization_life_crystal.png",
      "ascent": 8,
      "height": 16,
      "chars": [
        "\u80fe"
      ]
    },
    {
      "type": "bitmap",
      "file": "tribe_civilization:font/high_res/cod.png",
      "ascent": 7,
      "height": 16,
      "chars": [
        "\u8107"
      ]
    },
    {
      "type": "bitmap",
      "file": "tribe_civilization:font/high_res/salmon.png",
      "ascent": 7,
      "height": 16,
      "chars": [
        "\u810a"
      ]
    },
    {
      "type": "bitmap",
      "file": "tribe_civilization:font/high_res/tropical_fish.png",
      "ascent": 7,
      "height": 16,
      "chars": [
        "\u810d"
      ]
    },
    {
      "type": "bitmap",
      "file": "tribe_civilization:font/page/letter.png",
      "ascent": 0,
      "height": 40,
      "chars": [
        "\u1032"
      ]
    },
    {
      "type": "bitmap",
      "file": "tribe_civilization:font/high_res/heavy_workbench.png",
      "ascent": 7,
      "height": 16,
      "chars": [
        "\u8127"
      ]
    },
    {
      "type": "bitmap",
      "file": "tribe_civilization:font/high_res/oak_log.png",
      "ascent": 7,
      "height": 16,
      "chars": [
        "\u8128"
      ]
    },
    {
      "type": "bitmap",
      "file": "tribe_civilization:font/high_res/crafting_table.png",
      "ascent": 7,
      "height": 16,
      "chars": [
        "\u8129"
      ]
    },
    {
      "type": "bitmap",
      "file": "tribe_civilization:font/high_res/smooth_stone.png",
      "ascent": 7,
      "height": 16,
      "chars": [
        "\u812a"
      ]
    },
    {
      "type": "bitmap",
      "file": "tribe_civilization:font/category/categories_page.png",
      "ascent": 0,
      "height": 130,
      "chars": [
        "\u1021"
      ]
    },
    {
      "type": "bitmap",
      "file": "tribe_civilization:font/page/_logo.png",
      "ascent": 0,
      "height": 40,
      "chars": [
        "\u1020"
      ]
    },
    {
      "type": "bitmap",
      "file": "tribe_civilization:font/none.png",
      "ascent": 8,
      "height": 20,
      "chars": [
        " "
      ]
    },
    {
      "type": "bitmap",
      "file": "tribe_civilization:font/none.png",
      "ascent": 8,
      "height": 18,
      "chars": [
        "!"
      ]
    },
    {
      "type": "bitmap",
      "file": "tribe_civilization:font/none.png",
      "ascent": 7,
      "height": 7,
      "chars": [
        "\""
      ]
    },
    {
      "type": "bitmap",
      "file": "tribe_civilization:font/none.png",
      "ascent": 0,
      "height": 2,
      "chars": [
        "#"
      ]
    },
    {
      "type": "bitmap",
      "file": "tribe_civilization:font/none.png",
      "ascent": 0,
      "height": 1,
      "chars": [
        "$"
      ]
    },
    {
      "type": "bitmap",
      "file": "tribe_civilization:font/none.png",
      "ascent": 7,
      "height": 16,
      "chars": [
        "%"
      ]
    },
    {
      "type": "bitmap",
      "file": "tribe_civilization:font/invisible_item.png",
      "ascent": 7,
      "height": 16,
      "chars": [
        "1"
      ]
    },
    {
      "type": "bitmap",
      "file": "tribe_civilization:font/wiki_information.png",
      "ascent": 8,
      "height": 16,
      "chars": [
        "&"
      ]
    },
    {
      "type": "bitmap",
      "file": "tribe_civilization:font/wiki_result_of_craft.png",
      "ascent": 8,
      "height": 16,
      "chars": [
        "'"
      ]
    },
    {
      "type": "bitmap",
      "file": "tribe_civilization:font/wiki_ingredient_of_craft.png",
      "ascent": 8,
      "height": 16,
      "chars": [
        "("
      ]
    },
    {
      "type": "bitmap",
      "file": "tribe_civilization:font/shaped_3x3.png",
      "ascent": 1,
      "height": 58,
      "chars": [
        "*"
      ]
    },
    {
      "type": "bitmap",
      "file": "tribe_civilization:font/shaped_2x2.png",
      "ascent": 1,
      "height": 58,
      "chars": [
        ")"
      ]
    },
    {
      "type": "bitmap",
      "file": "tribe_civilization:font/furnace.png",
      "ascent": 1,
      "height": 58,
      "chars": [
        "+"
      ]
    },
    {
      "type": "bitmap",
      "file": "tribe_civilization:font/pulverizing.png",
      "ascent": 4,
      "height": 58,
      "chars": [
        ","
      ]
    },
    {
      "type": "bitmap",
      "file": "tribe_civilization:font/shaped_3x3.png",
      "ascent": -4,
      "height": 58,
      "chars": [
        "."
      ]
    },
    {
      "type": "bitmap",
      "file": "tribe_civilization:font/shaped_2x2.png",
      "ascent": -2,
      "height": 58,
      "chars": [
        "-"
      ]
    },
    {
      "type": "bitmap",
      "file": "tribe_civilization:font/furnace.png",
      "ascent": -3,
      "height": 58,
      "chars": [
        "/"
      ]
    },
    {
      "type": "bitmap",
      "file": "tribe_civilization:font/pulverizing.png",
      "ascent": -3,
      "height": 58,
      "chars": [
        "0"
      ]
    }
  ]
}
