{
  "processors": [
    {
      "processor_type": "minecraft:rule",
      "rules": [
        {
          "location_predicate": {
            "predicate_type": "minecraft:always_true"
          },
          "input_predicate": {
            "predicate_type": "minecraft:random_block_match",
            "block": "minecraft:jungle_planks",
            "probability": 0.95
          },
          "output_state": {
            "Name": "minecraft:bamboo_planks"
          }
        },
        {
          "location_predicate": {
            "predicate_type": "minecraft:always_true"
          },
          "input_predicate": {
            "predicate_type": "minecraft:random_block_match",
            "block": "minecraft:jungle_planks",
            "probability": 0.01
          },
          "output_state": {
            "Name": "minecraft:jungle_trapdoor",
            "Properties": {
              "facing": "north",
              "half": "top",
              "open": "false",
              "powered": "false",
              "waterlogged": "false"
            }
          }
        },
        {
          "location_predicate": {
            "predicate_type": "minecraft:always_true"
          },
          "input_predicate": {
            "predicate_type": "minecraft:random_block_match",
            "block": "minecraft:jungle_planks",
            "probability": 0.01
          },
          "output_state": {
            "Name": "minecraft:jungle_trapdoor",
            "Properties": {
              "facing": "east",
              "half": "top",
              "open": "false",
              "powered": "false",
              "waterlogged": "false"
            }
          }
        },
        {
          "location_predicate": {
            "predicate_type": "minecraft:always_true"
          },
          "input_predicate": {
            "predicate_type": "minecraft:random_block_match",
            "block": "minecraft:cobweb",
            "probability": 0.85
          },
          "output_state": {
            "Name": "minecraft:air"
          }
        },
        {
          "location_predicate": {
            "predicate_type": "minecraft:always_true"
          },
          "input_predicate": {
            "predicate_type": "minecraft:random_blockstate_match",
            "block_state": {
              "Name": "minecraft:jungle_log",
              "Properties": {
                "axis": "z"
              }
            },
            "probability": 0.27
          },
          "output_state": {
            "Name": "minecraft:stripped_jungle_log",
            "Properties": {
              "axis": "z"
            }
          }
        },
        {
          "location_predicate": {
            "predicate_type": "minecraft:always_true"
          },
          "input_predicate": {
            "predicate_type": "minecraft:random_block_match",
            "block": "minecraft:jungle_fence",
            "probability": 0.15
          },
          "output_state": {
            "Name": "minecraft:chain",
            "Properties": {
              "waterlogged": "false",
              "axis": "y"
            }
          }
        },
        {
          "location_predicate": {
            "predicate_type": "minecraft:always_true"
          },
          "input_predicate": {
            "predicate_type": "minecraft:random_block_match",
            "block": "minecraft:jungle_fence",
            "probability": 0.2
          },
          "output_state": {
            "Name": "minecraft:jungle_planks"
          }
        },
        {
          "location_predicate": {
            "predicate_type": "minecraft:always_true"
          },
          "input_predicate": {
            "predicate_type": "minecraft:random_blockstate_match",
            "block_state": {
              "Name": "minecraft:jungle_planks"
            },
            "probability": 0.027
          },
          "output_state": {
            "Name": "minecraft:jungle_slab",
            "Properties": {
              "type": "bottom",
              "waterlogged": "false"
            }
          }
        },
        {
          "location_predicate": {
            "predicate_type": "minecraft:always_true"
          },
          "input_predicate": {
            "predicate_type": "minecraft:random_blockstate_match",
            "block_state": {
              "Name": "minecraft:jungle_log",
              "Properties": {
                "axis": "z"
              }
            },
            "probability": 0.27
          },
          "output_state": {
            "Name": "minecraft:bamboo_mosaic"
          }
        }
      ]
    }
  ]
}
